UUID,Title,"First Name","Last Name","Street Address",Barangay,Municipality,Province,Country,"Phone Number","Mobile Number","Company Name","Company Website","Job Title","Favorite Color",Birthdate,"Email Address",Password
fcc3308b-9968-3da8-98e8-7b3d5ce29e5d,Prof.,Lydia,Dickens,"32A Kreiger Brooks","McGlynn Village",Alaminos,"West Virginia",Togo,323-891-802,384-945-965,D'Amore-Schoen,conroy.info,"Medical Sales Representative",lime,2018-08-11,thiel.logan@rohan.com,Mv#^`)trK8pw%^O}d
50ef344d-408f-3d22-bbdf-bb723f94b4be,Prof.,Kelsi,Maggio,"74/10 Heller Unions Apt. 414","Ondricka Springs","San Pedro",Alaska,Montserrat,774-209-527,448-431-814,"Murphy, Becker and Dach",feil.com,"Boat Builder and Shipwright",blue,2018-01-20,qrussel@lynch.com,"o/!p\iX4:"
9e82947f-35f2-32db-a196-92fbfcf4da7a,Mr.,Earnestine,Dooley,"44A/88 McKenzie Club Apt. 456","Farrell Route",Dapitan,"North Dakota","Christmas Island",079-530-326,926-082-968,Roberts-Daniel,nienow.net,"Wholesale Buyer",green,2016-07-03,oconnell.sandra@kshlerin.com,"MzFLb\OqhQ^Tm_!\C;?8"
131f0ec0-9cb3-369b-9aa2-7ff9e59b0b60,Ms.,Hillary,Bayer,"12 Langosh Flat Suite 033","Ryan Isle",Gingoog,"New Jersey",Macedonia,294-371-802,569-082-859,"Greenholt, Towne and Gulgowski",simonis.com,"Title Searcher",lime,1994-11-22,rking@kunde.com,&<z9z[
78fe71ea-55d9-3fc3-806a-82df8131c3f7,Dr.,Rosemary,Kovacek,"32/13 Hauck Alley Suite 499","Boyer Road",Olongapo,Oklahoma,Slovenia,150-715-247,431-148-482,"Schmeler, Kutch and Hammes",ortiz.biz,"Audio and Video Equipment Technician",olive,2004-10-27,aschamberger@waters.biz,|d3.v$
5db628a0-7fbe-3669-9422-f81ba36d2523,Prof.,Russel,Jast,"63/82 Brown Corners Apt. 537","Little Crest",Manila,Michigan,Bahrain,038-424-105,672-164-152,"Hagenes PLC",rohan.org,"Supervisor Correctional Officer",green,1991-11-22,marcelino37@lockman.info,W)pj7MuFW6zDMC:
1b0df27a-41f5-3ff6-b9db-64f1f7704caa,Mrs.,Deron,Walker,"08A/35 Grady Manor Suite 230","Rogahn Springs",Maasin,Arizona,"French Guiana",861-753-348,162-850-446,"Erdman, Waters and Ortiz",kling.info,"Biological Scientist",fuchsia,1999-01-31,sschultz@hayes.com,"AR@9iRXix{(S""OE"
c9e871de-4d9e-348d-b992-4149f1431aeb,Prof.,Anjali,DuBuque,"75A/74 Fadel Vista","Morissette Tunnel",Oroquieta,Wisconsin,Indonesia,197-986-828,940-169-582,"Goodwin, Mills and Rowe",williamson.biz,"Industrial Engineering Technician",lime,2016-01-15,edmond.blick@yahoo.com,"[2,7+R"
85c87a25-6f12-377f-b2f4-f0c7ac915f0f,Ms.,Phoebe,Nikolaus,"71A/71 Auer Meadows Suite 069","O'Connell Harbors",Talisay,Wisconsin,Luxembourg,698-759-000,448-613-453,"Purdy, Jakubowski and Grady",upton.com,"Automotive Mechanic",aqua,1977-03-24,mittie66@ruecker.biz,%ZxbT`a1
646592ea-d121-309e-9354-dbb7e9ec4664,Ms.,Allen,Littel,"82A Renner Points Apt. 631","Herzog Oval",Lucena,Nebraska,Aruba,878-163-404,530-238-828,"Toy, Toy and Hintz",considine.com,"Stone Sawyer",green,1988-05-07,devon.stark@yahoo.com,?)X&uc/ZtqY()_Alm
719027b5-2e9c-3bd9-a696-2d662c39469c,Prof.,Jamar,Wiza,"79A Hill Walk Apt. 127","Quitzon Radial",Malabon,"New Hampshire","Cocos (Keeling) Islands",348-596-575,237-496-404,"Connelly PLC",mertz.biz,"Printing Press Machine Operator",lime,2000-07-23,arlie52@yahoo.com,",^+pNsDdDN7pzw:rY)f"
3b199722-8f1d-3bde-b076-2e1bb5534d9d,Dr.,Lilyan,Funk,"23A/55 Wiegand Spring Apt. 560","Halvorson Crescent",Victorias,"South Carolina",Pakistan,894-770-324,371-305-019,Oberbrunner-Cartwright,fay.org,"Education Administrator",white,1985-06-27,koelpin.julien@boyer.com,M)`yXg{OuL)pf:'|8j`
82841fb2-4606-3e5d-8605-698f83b754f1,Mr.,Hannah,Ryan,"69 Feest Brooks Apt. 551","Berge Manors",Ligao,Wyoming,"French Guiana",061-413-257,224-593-112,Kiehn-Crist,mcdermott.biz,"Radiologic Technician",navy,1998-09-25,vbotsford@runolfsson.com,MyHQMbc8
f36cd5e7-ddb3-39a0-ab3e-7f7f5eea9b1f,Prof.,Reggie,Dare,"39 Douglas Mountains","Murray Forks",Lucena,Missouri,"Lao People's Democratic Republic",630-097-415,434-068-287,"Littel Group",schumm.biz,"Anthropology Teacher",gray,1995-09-02,lorenzo.kirlin@yahoo.com,n|<>+bWMSW<[q8v|9
80eb3907-ef74-3b7e-b1e2-df6c4652c216,Ms.,Marge,Shanahan,"38A/44 Brekke Route","Mayer Causeway",Manila,Delaware,Ethiopia,680-411-322,189-757-347,Altenwerth-Herman,boyle.com,"Multi-Media Artist",teal,2000-02-14,george.sawayn@gmail.com,"K@HkBF-<""ug4l|Wn`)"
50376b6d-d631-337b-8a18-238411a86d4d,Ms.,Miracle,Rodriguez,"47A McKenzie Falls","Reynolds Manor",Carcar,Delaware,Bhutan,494-706-616,488-326-989,"Donnelly and Sons",shields.info,Woodworker,green,2018-06-25,wglover@hotmail.com,|]ts.rx
22fad337-e360-3a31-aa46-6f28300faf47,Mrs.,Grace,Heidenreich,"40/23 Schaefer Heights","Stroman Cove",Samal,Kansas,Andorra,127-104-624,648-439-016,"Zboncak Ltd",schultz.net,"Medical Appliance Technician",gray,1976-11-17,littel.larissa@yahoo.com,"mX_PW\`p:Ja{j"
8e6e3628-b4e4-34c2-81b9-2989652a9323,Ms.,Brennan,Kreiger,"83/89 Dare Villages","Mitchell Street","Surigao City","New York",Gambia,954-529-496,260-618-836,"Nienow and Sons",hoppe.info,"Radar Technician",silver,2007-11-17,raymond.blick@heidenreich.com,"iA%5?6/""Pp}me"
576e9c79-0d79-346e-9e6a-799cb0df148d,Mr.,Torrance,Will,"30A/50 Torp Drives","Goyette Trafficway",Tanauan,"South Carolina",Bulgaria,410-512-297,672-194-377,"McKenzie Group",schiller.com,Government,purple,2019-10-27,elta.king@hotmail.com,:l[+jUtoC
1f9fcedd-965b-3d4f-9a45-eaa928f5c0e2,Mr.,Bridget,Pacocha,"69A/87 Olson Trail","Abernathy Plaza",Gapan,Alabama,Palau,259-615-510,960-707-623,"Denesik, Hoppe and Homenick",braun.com,"Able Seamen",purple,1998-03-05,purdy.kareem@yahoo.com,V#ZL{~N!(fmV]@CO
de1b507d-4853-3920-88f4-3e305422f449,Dr.,Vincenzo,Trantow,"96A Kautzer Common","Welch Manor",Legazpi,Ohio,Belgium,568-568-877,013-718-175,"Greenfelder, Tromp and Stoltenberg",wolff.com,"Petroleum Engineer",yellow,2024-03-02,kovacek.matilde@yahoo.com,5P5Q>HCGw
76f562c6-a73e-355e-86dd-8642d204dd89,Dr.,Vince,Johns,"33 Reilly Estates Apt. 379","Steuber Valley",Balanga,Idaho,Sudan,436-343-548,207-935-848,"Morissette PLC",torp.com,"Electrical Parts Reconditioner",silver,2019-05-06,lowe.buster@lang.com,"B\/B{nT>\v+U{"
c3e5d346-efd0-34eb-8e58-3601e7d3c8b9,Mr.,Billie,Christiansen,"97/36 Rippin Isle Apt. 550","Raynor Oval","Cavite City",Hawaii,Japan,322-274-750,587-447-064,"Mante, West and Kshlerin",abshire.com,Engraver,maroon,2002-07-28,anastasia38@hotmail.com,>;(2[M$#Z
6254d667-9ff4-30e4-9aba-5fc08ff57e43,Ms.,Gene,Mante,"28 Franecki Stream Apt. 131","Wuckert Point",Cadiz,Alaska,"Burkina Faso",379-801-275,849-041-213,Larson-Bartell,bartell.info,"Deburring Machine Operator",teal,1995-03-02,garfield79@halvorson.com,"+=ntfH,W,]z]'mU{"
467664ed-f853-3ea8-8116-974ea63db771,Prof.,Evalyn,Kshlerin,"67A Carroll Neck","Welch Trafficway","San Fernando",Texas,"United States Virgin Islands",233-436-466,011-209-984,Tromp-Hilpert,price.net,Webmaster,olive,1978-02-23,louvenia96@nienow.com,ji>)@al<!<vE&tyD^BK
4e5baef8-ca2c-3dac-b750-2367c5876c90,Mrs.,Rowan,Schiller,"28A Robel Haven","Nienow Plain",Imus,Connecticut,Netherlands,196-015-507,251-017-758,"Walter and Sons",balistreri.com,Statistician,silver,1986-02-02,carissa36@gmail.com,>M6~KY7'|01
49c4959a-4cd6-302f-bf85-607718b0dc19,Mr.,Maxie,Kassulke,"53A/38 Sporer Gateway","Romaguera Point",Lamitan,Pennsylvania,Mozambique,157-245-481,023-888-197,"Christiansen and Sons",russel.com,Molder,purple,2000-10-29,jenifer60@yahoo.com,`]=%$Yi`Sa)V$
9fbdc339-c68d-3471-a7b2-e72e2685ef48,Ms.,Beth,Zieme,"46A Goodwin Highway Suite 078","Jacobi Views",Muñoz,Minnesota,Dominica,424-944-423,078-681-146,"Schuppe Inc",senger.biz,"Etcher and Engraver",olive,2001-01-04,reid37@yahoo.com,D5FclhAetjp[I
cf9230c7-65ed-3386-8ef9-5db52aad2085,Dr.,Ara,Stamm,"06A/10 Harvey Field Apt. 037","Metz Summit",Antipolo,Nebraska,Chile,031-987-238,405-183-676,"Schmeler LLC",mckenzie.org,"Mold Maker",teal,1980-01-29,mossie11@hotmail.com,"?YY,tfp|"
ffcda9f0-28ff-3121-b773-b74f940044a4,Miss,Jimmie,Price,"87A/71 Anderson Valleys Apt. 427","Satterfield Lock","San Carlos",Indiana,Fiji,230-735-946,461-918-268,"Bradtke Inc",schmidt.com,"Recordkeeping Clerk",blue,2008-05-21,nschowalter@yahoo.com,|4900Yh%{zb?9h80
3b499219-b021-3fcf-8275-5e76417d5a9b,Prof.,Jess,Ryan,"54A/14 Dibbert Ways Suite 135","Yundt Estates",Roxas,"West Virginia",Bhutan,780-266-760,020-775-793,"Fay, Stamm and Thompson",ledner.com,"Range Manager",lime,1992-02-19,jarred60@gmail.com,"pSC@{\"
e79f6f0a-6a2c-3fc6-b807-4e70b09e5c49,Prof.,Roxane,Durgan,"34 Upton Run","Predovic Wells",Tagum,Louisiana,Martinique,438-224-069,801-583-686,"Oberbrunner, Reynolds and Mayert",rosenbaum.org,"Personal Home Care Aide",maroon,1995-10-03,kennedi63@wyman.com,nehPkp*o
e5014904-048d-305c-9eb7-0cd41e506f95,Miss,Ubaldo,Labadie,"79 Keebler Ranch","Feest Throughway","Cebu City",Nevada,"Norfolk Island",218-379-792,247-090-289,Sawayn-Dibbert,sawayn.com,"Night Security Guard",navy,1977-09-02,daugherty.jazmyn@kozey.com,ptk6B27?7dWq
10691d42-923a-34f6-a068-e798c07d5121,Dr.,Tito,Block,"86A Homenick Plaza","Breitenberg Burg",Guihulngan,Kentucky,Senegal,900-264-053,448-459-408,"Johns Inc",halvorson.com,"Highway Patrol Pilot",white,1998-05-14,johnson.antonette@yahoo.com,"[,X0[%)Hj~\957b<="
b8bd8b59-59de-3427-96bb-e5998ab3ac19,Dr.,Aidan,Pacocha,"38A/32 Bashirian Bridge","O'Reilly Fall",Passi,Vermont,Micronesia,992-476-283,347-992-717,"Kunze, Block and Hettinger",heller.info,"Data Entry Operator",lime,1982-03-29,aileen07@yahoo.com,"aX?k>Ln,#H]Tp[LJ,"
33848fe3-7a06-3b42-bcc3-bc2dbc5a0903,Dr.,Esta,Windler,"91A Paucek Overpass","Koss Squares",Urdaneta,Arkansas,Canada,616-328-480,771-656-535,Conroy-Hane,schuster.info,"Human Resources Assistant",olive,1973-01-22,oswift@yahoo.com,FFDPg@C&n?!
790128c7-114b-3f1b-b6a9-3092ae214b67,Prof.,Tina,Kshlerin,"66 Raynor Forks Apt. 414","Feeney Knolls",Muntinlupa,Nebraska,"Russian Federation",190-989-863,597-708-021,"Kulas Ltd",ebert.com,"Continuous Mining Machine Operator",navy,1998-08-12,vlemke@larson.biz,?P:dI|Xu7l-Hr
a68022fe-cd92-345c-815d-780e77e0044b,Ms.,Scot,Haley,"95 Stracke Circles","Kuphal Place",Dagupan,"New Mexico",Italy,249-085-121,821-947-306,"Franecki, Eichmann and Hamill",feeney.info,"Shoe Machine Operators",maroon,2013-02-25,abbott.hillard@skiles.com,"<L)\gY&.uc"
83231799-513d-355a-920b-4a37d8b5fa52,Miss,Zachary,Hansen,"52A/63 Feeney Branch","Mertz Mission",Malaybalay,"South Dakota","Central African Republic",725-768-386,735-592-589,"Schulist Inc",homenick.net,"Radiologic Technologist",blue,2009-08-15,annabel.gutmann@witting.org,")t""[6c""&Ga"
547f1710-70e3-3d77-a21a-8e1b4a84ad70,Ms.,Nella,Kuvalis,"09A/91 Schoen Forge","Schamberger Creek",Oroquieta,Alabama,Nauru,086-815-221,354-851-428,"Kuvalis LLC",connelly.com,Actor,maroon,1973-05-31,trinity.langosh@hotmail.com,c)y;-i;A)K49
89aa9077-bf92-3d9a-b3af-e320c97b8155,Mr.,Brennan,Huels,"99A/25 Veum Path Suite 969","Champlin Orchard",Pasig,Wisconsin,Vanuatu,314-271-865,969-361-318,Schmitt-Breitenberg,krajcik.com,"Terrazzo Workes and Finisher",teal,1989-12-14,zbeahan@gmail.com,k6oik5fyYqY
e37f0c7a-a464-3dfa-82d5-27be5d7685c9,Dr.,Kadin,Cole,"19/50 Emmerich Plain","Reynolds Lakes",Biñan,Washington,"Kyrgyz Republic",569-479-277,021-213-223,"Weber, Bernhard and Waelchi",osinski.com,Landscaping,black,1977-10-13,greenholt.emmitt@hayes.com,sK>m2M6S&@f*)zjN
db3c5775-9673-39e0-8e63-1a098efa3238,Mr.,Lauriane,Bergnaum,"94/95 Bartell Harbors","Legros Villages",Olongapo,Oregon,Zambia,081-980-591,712-879-431,"Kris, Tremblay and Botsford",johnston.com,"Homeland Security",maroon,2009-06-02,blick.eryn@yahoo.com,tRTMgcbE&iEDu
b758e11b-c59b-3fdd-9a4c-4e823c8e232a,Dr.,Violet,Stanton,"46A Hegmann Glens","Olson Road",Bais,Vermont,Angola,969-734-801,045-713-017,"Dach Inc",okuneva.com,"Automatic Teller Machine Servicer",teal,2012-09-22,gaufderhar@bechtelar.com,[VsS/hn>nKr_QSs8U:H2
6dc91df6-9bcc-3f56-8e2a-80ea234abade,Prof.,Delaney,Pouros,"31A/17 Boehm Cape Suite 585","Mitchell Junctions",Bacolod,Connecticut,Macao,139-661-359,236-151-973,"Halvorson, Effertz and Cummings",runolfsson.com,"Drycleaning Machine Operator",teal,1994-11-06,rstrosin@yahoo.com,B>>wp8vIXgZfN=vg3fN
9eca8ddd-9d0e-342d-8866-eb14885bdcdc,Mrs.,Montana,Gusikowski,"60/44 Stark Road","Beer Lakes",Muntinlupa,Virginia,"Costa Rica",002-841-320,416-713-664,"Runolfsdottir and Sons",shanahan.org,"GED Teacher",lime,2017-03-29,angus.buckridge@wolf.com,sg6$z/??+n<3kY?J%P$=
0984b2d7-ab24-353c-874a-0548f63557fd,Mr.,Lance,Brown,"37 Goyette Cliff Suite 051","Hudson Road",Cabanatuan,"District of Columbia",Namibia,480-811-048,254-429-379,"Wolf, McGlynn and Hilpert",rau.info,"Cooling and Freezing Equipment Operator",silver,2016-11-25,runolfsdottir.vita@hintz.net,eo+huf
0223a076-e706-3450-b1d8-d2390547547a,Prof.,Hester,Leffler,"57A/46 Rosenbaum Mill","Harvey Turnpike","San Jose del Monte","North Carolina","Solomon Islands",637-945-646,207-923-247,Schmitt-Anderson,hill.biz,"Stock Broker",green,1983-06-17,strosin.kaitlyn@yahoo.com,"~e;8=\;KF/*x-1Enc{"
73850a11-7840-33db-9126-cef37bb89e7b,Mrs.,Hulda,Ankunding,"39/36 Brekke Circle","Gaylord Tunnel",Naga,Vermont,"Hong Kong",358-527-250,879-842-336,"Keebler Ltd",brekke.com,"Logging Equipment Operator",lime,1989-05-03,hector.oreilly@hotmail.com,47IAl@0B{.a5M*hQ
64b0e676-aed6-3c62-9d2e-e18e5399d400,Mr.,Gail,Greenfelder,"19A Dach Centers","Lindgren Viaduct",Meycauayan,Wisconsin,"British Virgin Islands",983-319-198,141-514-847,"Towne, Fritsch and Hartmann",bode.com,"Nursing Aide",silver,1983-05-02,obode@miller.com,"7"">U$Tk!0f=)+8"
cc4698ce-c948-3e43-b2b6-47d555eb8c30,Mrs.,Carroll,Jacobs,"89A Shields Inlet","Price Road",Valencia,"New Jersey","Saint Helena",232-213-818,156-830-985,"Mills, Kautzer and Crooks",nienow.com,"Insurance Sales Agent",olive,1986-09-21,leffler.prince@nicolas.com,"A\B5\"n<&pCC$}a02^s"
d47d54de-60f6-3874-9125-aa2f4f4b5910,Dr.,Brooke,Lebsack,"42A/65 Larkin Groves Suite 290","Schmidt Estates",Tagum,Vermont,Burundi,134-296-040,318-980-468,Flatley-Macejkovic,wuckert.com,"Supervisor of Police",black,2010-01-23,mhuel@cassin.com,"&Ojr!vY/'q8,:5CwrEl"
41fe0bae-e36f-3846-baa5-8de8aacee8c3,Dr.,Asa,Farrell,"80A Wiza Station","Predovic Ramp",Bayawan,Mississippi,Niger,764-057-167,632-028-735,Hane-Kiehn,moen.biz,"Kindergarten Teacher",yellow,1990-01-01,ereilly@schumm.com,w14E4_N>ux+<c
2333cfc1-ea1a-301d-84fe-bd03816b8a99,Prof.,Belle,Bechtelar,"81A/58 Borer Cape Apt. 386","Marquardt Garden","La Carlota",Vermont,Croatia,660-923-754,857-015-996,"Bogisich, Schimmel and Marvin",vandervort.net,"Food Preparation and Serving Worker",lime,1977-01-01,johnson.merl@muller.com,LjIvvT8xG1j*7N=
270cbc28-6f0e-34b7-8273-fd5f69b27e2b,Dr.,Leland,Cruickshank,"77 Rosenbaum Stream Apt. 910","Stehr Lodge",Malaybalay,Wyoming,Micronesia,619-811-655,278-646-312,"Wiegand, Steuber and Leuschke",jaskolski.net,"Event Planner",white,1984-10-30,viva99@yahoo.com,*Ph%KW_b!><mSC
76e33ee8-10af-3278-9d40-0f2647a2c2bb,Miss,Dennis,Berge,"92/88 Hansen Corner Apt. 598","Grant Prairie","Sorsogon City",Kentucky,Congo,014-951-281,193-559-121,"Feeney and Sons",bauch.com,"Food Batchmaker",lime,2017-06-19,spinka.maci@gmail.com,DSo@NZ
a17b7223-7225-318a-b6d0-690e3c31488d,Ms.,Bertha,Anderson,"52 Block Port Apt. 062","Bechtelar Avenue",Taguig,Maryland,Micronesia,435-485-281,524-779-920,"Volkman, Schroeder and Gorczany",luettgen.com,"Night Security Guard",white,1974-09-24,mkrajcik@davis.com,-wF=F3FKlb
3d1aa3dc-40f0-3463-8be5-bdf3a7a3606c,Miss,Krystal,Abbott,"72/49 Zulauf Trafficway","Ritchie Key","Surigao City","West Virginia","Libyan Arab Jamahiriya",762-617-989,881-185-020,"Grant, Wolf and Abshire",beier.net,Lifeguard,black,1977-10-20,doyle.maximillian@hotmail.com,fwtXp#'`E)@vE^L-
78ecc47d-3ea6-3162-8b65-59716b85bd1a,Prof.,Tremayne,Beahan,"27/86 Dietrich Pine Suite 855","Schmidt Rapid",Malaybalay,"Rhode Island",Tajikistan,877-199-426,974-400-402,"Price PLC",green.com,"Motorboat Mechanic",olive,1990-04-21,dariana14@yahoo.com,"\[p+K[gzs"
4a491a3c-3a77-3694-a7c9-a212f7b4285a,Dr.,Antoinette,O'Reilly,"58 Ullrich Cliffs Apt. 843","Kohler Lodge",Bogo,Alaska,Burundi,267-203-055,676-919-600,"Fadel, Rempel and Mann",lynch.com,"Computer Programmer",lime,2019-04-29,bobby59@yahoo.com,"e6ACHrf0eA,Z+"
4cca001b-fb31-3d2a-a6c5-fc38ddbfe66d,Mr.,Carlee,Rohan,"11 Armstrong Trail Apt. 167","Herman Landing",Koronadal,Montana,"Antarctica (the territory South of 60 deg S)",880-923-249,678-973-672,"Crist Inc",kassulke.com,"Eligibility Interviewer",maroon,1995-08-23,gkuhn@hotmail.com,">4""r]`cZK<;4K"
92a28e8a-7e0e-3476-8400-3d915bf616a2,Dr.,Marcia,Hilpert,"59 Dickens Stream Suite 843","Adams Lodge",Canlaon,"Rhode Island",Fiji,342-396-756,237-331-584,"Mante PLC",weber.info,Paperhanger,olive,1975-01-27,betsy40@yahoo.com,Ck5QfNCX2A{I4DMxh#*
47854fd9-641d-34c9-b937-4030fba4cd17,Ms.,John,Runolfsson,"16 Greenfelder Glens Suite 634","Dickens Haven","Sorsogon City",Arizona,Suriname,754-547-009,724-619-651,"O'Conner Group",bernhard.com,"Medical Transcriptionist",navy,2020-04-28,melyssa56@hotmail.com,j=<+!;bghX?NR5E:O
af8a6eeb-0d44-3606-a6dd-aa0bade3c040,Ms.,Karine,Sipes,"05A/19 Feil Estates Apt. 668","Treutel Lakes",Silay,Illinois,Congo,463-734-842,547-497-930,"Schinner, Cruickshank and Mayert",roob.info,"Photographic Process Worker",aqua,1999-04-27,ljast@yahoo.com,/[sb7X
c86b1433-928f-38e1-8298-5887fe7c626f,Mr.,Caitlyn,Cremin,"24A/56 Jacobi Drive Suite 805","Hand Villages",Malabon,Delaware,Aruba,506-878-259,823-496-665,Hahn-Trantow,mcclure.org,Welder,fuchsia,1991-10-12,carli57@kris.com,7Ryof7E'|7LwCi*D3FxE
405101bc-25cd-3c23-a4b7-d10b5c408361,Prof.,Rosella,Prohaska,"28A Heathcote Lodge Suite 392","Hodkiewicz Haven",Malabon,Connecticut,"Northern Mariana Islands",177-816-645,683-076-404,"Hane, Turner and Aufderhar",beier.com,"Emergency Medical Technician and Paramedic",green,2015-03-01,marquise.stehr@dickinson.com,",'5saU[aN*bMVZOyqYb"
d969f257-7d4c-3e08-9ee0-4b72b2351689,Ms.,Retha,Renner,"89A/84 Huels Park","Schamberger Key",Candon,Iowa,"Libyan Arab Jamahiriya",494-570-525,139-847-241,Halvorson-Cormier,prohaska.info,"Business Development Manager",black,1971-07-25,kelsi84@boyle.net,"2#.{ps]l6;,"
8585fe93-9bce-3927-8564-ade4896e791a,Dr.,Hosea,Casper,"85A/92 Borer Plaza","Sauer Islands","Puerto Princesa",Ohio,"French Polynesia",258-467-879,963-989-844,"Kunze Ltd",towne.com,"Health Specialties Teacher",gray,2021-02-01,alexandrine01@murphy.info,Lp0{'TmsD(`!y-
5b9be53d-2aeb-33c3-896e-47a19365a93a,Dr.,Eulah,O'Connell,"23/88 Cruickshank Extension","Hintz Springs","Puerto Princesa",Colorado,"Syrian Arab Republic",539-790-525,349-064-430,"Koelpin Inc",morar.com,"Licensing Examiner and Inspector",blue,2022-11-13,providenci80@yahoo.com,GI6g`X[W
2b74239a-88b8-3e3f-a89e-0506fef413e4,Mrs.,Elinore,Stamm,"59A/14 Dooley Gateway","Gutmann Lodge",Tabuk,"North Carolina","Russian Federation",468-420-304,394-951-911,Schaefer-Harvey,reilly.com,"Aircraft Launch Specialist",purple,2024-06-08,bmayert@murray.com,NUSrOY{DGwk8<.Yi
7c4f07d0-cc57-3b53-b229-4f6911d332c4,Dr.,Jed,Waters,"13 Rath Stream","McKenzie Dale",Lipa,Maryland,Sudan,001-729-548,549-380-344,"Bogan, Bauch and Haley",tillman.biz,"Central Office",white,2018-08-23,dayana57@bednar.com,A-??o^:v1!/5%2Nt
33aa7795-d644-363d-a71e-a70806bef0f4,Mr.,Granville,Corwin,"19A Watsica Key","Wilderman Lake",Talisay,Indiana,Luxembourg,721-600-354,985-043-308,"Howell Group",brakus.net,Solderer,navy,2021-07-31,allen.koch@runolfsson.com,_'+${xvTc
92412b9c-b790-3935-84ed-ef866035eb5b,Mr.,Fern,Weissnat,"62/24 Schneider Dale Apt. 535","Hermann Station",Muñoz,"West Virginia",Latvia,851-154-627,273-123-012,Beahan-Mueller,yost.info,"Recordkeeping Clerk",gray,1972-01-29,mmills@jast.biz,)&6YMP.jS.O[R%_~
76a95cd8-5529-3022-8677-244b727d7095,Dr.,Jewel,Bartoletti,"24/65 Stiedemann Turnpike","Treutel Squares",Dumaguete,Alabama,Tanzania,252-690-734,433-210-407,"Huels LLC",reinger.com,"Telecommunications Equipment Installer",lime,1973-10-03,bashirian.lambert@mitchell.biz,*u!*pIV~
adbfeb03-ed2f-3ffa-8a84-94bd7fd7acc7,Prof.,Lillian,Leffler,"45A Toy Rue Apt. 854","Watsica Turnpike",Bayugan,Maryland,Madagascar,190-171-230,857-033-524,"Monahan PLC",cummerata.com,CFO,teal,2018-05-21,xziemann@gmail.com,dgX:83
50416748-a9db-36a6-b029-3d3d01dd2930,Prof.,Sherwood,Johns,"57/60 Mann Camp Apt. 401","Lehner Locks",Kidapawan,"New Hampshire",Mauritius,758-515-094,868-444-233,Jacobson-Metz,monahan.biz,"Umpire and Referee",black,1974-09-05,abshire.alf@hotmail.com,ZUMdFb
22b0bd10-57a4-3c0d-965b-cdc0378a2155,Dr.,Tyrese,Adams,"30A Wisoky Common","Langosh Summit",Olongapo,California,"French Guiana",900-122-022,837-648-443,"Casper, Mann and Wisoky",feeney.com,"Machine Tool Operator",olive,2008-03-18,carroll.emory@hotmail.com,"V0'huLzFTFuv}?\X""q>b"
0c967770-3356-365b-bb18-7aaed4321f4d,Miss,Dominic,Watsica,"98A/47 Jacobi Throughway Apt. 264","Wintheiser Wells",Ozamiz,Pennsylvania,Paraguay,604-698-981,330-577-040,"Trantow and Sons",rice.com,"Fishing OR Forestry Supervisor",navy,2019-11-18,terrill34@gmail.com,)'Y3<`N{
16813bb0-a076-3c3d-8508-d17b6a433d44,Dr.,Mariam,Jacobi,"43A/80 Goyette Mews","Dicki Inlet",Talisay,Nebraska,Senegal,992-168-131,258-615-267,"Turner PLC",wyman.biz,"Railroad Conductors",maroon,2019-08-16,keagan81@hotmail.com,Nf*27*V#MaQOM
c0af5995-4141-312a-8fdb-cc93335a83c3,Mr.,Marilou,Mertz,"18A Braun Ridge","Kulas Cape","El Salvador",Nebraska,"New Caledonia",481-127-135,559-718-363,Bogan-Lang,mcdermott.com,"Fashion Designer",aqua,2014-01-24,fgrant@hotmail.com,fLpldnm'~oXrDIGDiG
65e5ebfc-6801-3313-aeb3-523b40432ad2,Dr.,Shaina,Nikolaus,"94/54 Hermiston Mills Apt. 821","Connelly Mount","San Fernando",Maine,Oman,981-929-889,722-750-074,"Cruickshank and Sons",ernser.com,"Health Specialties Teacher",silver,1984-03-03,wjenkins@yahoo.com,on{;X>XPf2uXx
7e6bfa20-1690-339b-93b4-d686e3a9a632,Dr.,Reid,Hyatt,"56A Morissette Summit Apt. 337","Zemlak Union",Escalante,Ohio,Colombia,279-796-948,487-725-668,"Koepp Ltd",beatty.com,"Personal Financial Advisor",aqua,2010-11-24,ihammes@hotmail.com,"OV""bVg^{'~xeGS)D,ln."
69d1683a-7415-3d9d-b8ca-6dd078c3c1ed,Dr.,Robb,Kulas,"15 Sauer Stravenue","Gleason Shoals",Candon,Alaska,"Antigua and Barbuda",368-958-095,907-249-076,"Kulas, Cartwright and Boehm",trantow.com,"Copy Machine Operator",aqua,1978-04-09,olin.romaguera@metz.com,"D~vFw"":ZTc$y"
6a73cd12-250c-36c2-a130-83ab2cfbad3f,Dr.,Kirstin,Shanahan,"31 Funk Ferry","Hegmann Burgs",Bayawan,Delaware,Greece,544-398-263,401-914-232,Kautzer-Hansen,rippin.net,"Architectural Drafter",teal,1979-02-15,ymorar@yahoo.com,"bD,iy31Cz(s"
ad368d24-dc4a-30ac-97f3-1b237db4ad57,Miss,Ashleigh,Kreiger,"15 Terry View Apt. 672","Conroy Dam",Iriga,Nebraska,Panama,866-183-706,112-825-306,"Streich PLC",shields.org,"Home Appliance Installer",black,1978-05-16,vella66@yahoo.com,cE}JC5}tSxI$<
3c09a9b2-e7a9-3882-a1be-b56006d953ba,Dr.,Kolby,Greenfelder,"86A/04 Ledner Locks Suite 107","Rogahn Pine",Mati,Arkansas,Togo,200-785-092,792-102-704,"Robel, Hackett and Price",hayes.com,Heaters,green,1984-12-20,guido.wilkinson@bayer.com,"`>X#30a-1={aas"""
5a270896-6d08-3488-b99f-8b66a13d32d3,Dr.,Domenico,Ruecker,"03A/62 Rippin Camp Suite 125","Simonis Court",Talisay,Minnesota,Palau,070-192-301,127-773-737,"Bayer, Hoeger and Fadel",maggio.biz,"Freight Inspector",teal,1983-03-15,marquardt.jermaine@gmail.com,"B))zlA,e%6fFFS("
2fdec50f-253a-39d9-86b2-9f9fb56b5f2c,Miss,Terrence,Block,"57/46 Wehner Walk Suite 426","Kuvalis Stream",Carcar,Ohio,Peru,201-693-587,945-244-790,"Gottlieb, McGlynn and Carroll",gislason.com,"Atmospheric and Space Scientist",green,1981-06-16,nicklaus.veum@williamson.org,DZ82w11{R
34889431-1d82-3c80-878a-3e1ad696a479,Ms.,Conner,Will,"59 Lynch Pine","Hand Isle",Bayawan,Washington,Brazil,828-274-839,832-414-647,Cole-Mosciski,bechtelar.com,"Orthotist OR Prosthetist",green,2014-02-14,will.jazmyne@gmail.com,M3n$;VSf>i&
dc080327-933d-33de-8929-8d90b4a43350,Dr.,Gerhard,Harris,"09A/81 Padberg Station Apt. 658","Baumbach Square",Tagaytay,Arkansas,Mauritius,410-519-974,440-031-365,"Lockman, Mayer and Kessler",hansen.biz,"Clinical Psychologist",gray,1983-12-08,gay.dare@tillman.biz,;<Q3>W
82707e6d-5360-3828-95ca-f6a3a0494bf8,Prof.,Melyna,Kuhic,"66 Fay Field Apt. 051","Macejkovic Isle",Toledo,"District of Columbia","Syrian Arab Republic",425-427-877,426-215-469,Wisoky-Champlin,vandervort.com,"Photoengraving Machine Operator",purple,1982-02-08,rcrona@yahoo.com,"-d2`F#+1g\!g#.;#tHeD"
b8328b76-2bda-3e60-b1ab-4ee71dde1c6b,Prof.,Marcelino,O'Connell,"06A/47 Steuber Meadows Apt. 330","Luettgen Forge",Lapu-Lapu,Wyoming,Tajikistan,616-289-649,619-474-269,"Collins Ltd",jacobson.org,"Education Teacher",silver,1993-02-05,augustus.gerhold@lesch.com,_5Y-$KZA1jP6Av*>d*H
44ece0a3-35c0-3695-bef0-45d5ed24af95,Prof.,Leanne,Sanford,"52 Swift Gateway Suite 122","Trantow Plaza",Bago,Mississippi,"Cayman Islands",378-180-743,919-343-581,"Bechtelar, Okuneva and Will",torp.com,"Residential Advisor",gray,1997-06-17,conroy.dewitt@gmail.com,qmKxq[(Kr
ab1aa1ff-6316-3767-b43e-3722d44bd182,Prof.,Alivia,Lowe,"58 Abbott Estate Suite 762","Thiel Mountain",Lipa,Georgia,Cyprus,457-584-880,955-099-855,Jerde-Schumm,emmerich.com,"Biochemist or Biophysicist",blue,2008-08-15,magnus14@hotmail.com,DT_4(h
04e1a08c-6156-3614-af8a-55ef5ab82315,Miss,Jimmy,Zulauf,"64/87 Metz Course Apt. 540","Brown Trail","Tarlac City","New Mexico",Chile,181-691-176,387-279-200,"Parisian, Koepp and Kuhlman",towne.com,Professor,silver,2012-08-02,casimir12@hotmail.com,"G%e,3;ys2h)lV@yw"
954482ca-073e-31c3-9535-07a9d60df030,Dr.,Janick,Jacobi,"00A Larkin Brook Apt. 916","Koch Roads",Baguio,Nebraska,Chile,169-026-071,432-298-131,Kuvalis-Willms,robel.com,"Petroleum Pump Operator",olive,1997-10-08,brooks.rippin@hotmail.com,"t4k=*JM*!ZJ.,PG|?"
16dd75c8-fbe3-3d2a-a6ec-3b8b34a01d0c,Miss,Melissa,Bradtke,"79 Yost Tunnel","Kozey Port",Tagum,Arkansas,"Marshall Islands",087-593-960,254-797-994,"Christiansen, Waelchi and Schmitt",kilback.com,"Product Management Leader",purple,2002-06-20,smith.abby@hotmail.com,"Z*@WM\`"
8ae668a9-3bfa-30af-8724-e36ad6c0ed9f,Prof.,Kirk,Rohan,"99A/31 Bahringer Valley Apt. 867","Terry Ridges",Cabuyao,Hawaii,"New Caledonia",370-845-160,690-715-910,"Hansen Inc",lind.info,"Traffic Technician",teal,1989-05-18,lcollier@collier.com,"G`E.1(]Z>>F""hlp)BTpu"
2c055e51-fc69-3173-818e-318baccaf355,Prof.,Serenity,Lindgren,"18 Lindgren Plaza Suite 417","Toy Isle",Tabaco,Michigan,"Falkland Islands (Malvinas)",084-570-686,425-470-996,Rowe-Douglas,greenfelder.com,"Athletic Trainer",navy,2007-07-06,jonathan11@monahan.info,Jw'/R0%4IEC
048e585b-a3e9-3e03-84a0-0adb83b61c0e,Mr.,Chasity,Bogisich,"42A Parisian Keys","Prosacco Glens",Sagay,Kentucky,"Czech Republic",281-104-545,509-746-489,"Streich, Kohler and Lesch",bosco.com,Photographer,green,1991-05-22,stark.josie@gmail.com,<DGE8#s3qU9EJ4~
3c81f095-5641-3a2b-bfff-c2759a7fe633,Dr.,Russel,Huels,"86/94 Boyer Shoal Apt. 704","Monahan Stream","Davao City",Kentucky,Cyprus,066-205-343,283-792-040,Jast-Hermiston,swaniawski.biz,"Welder and Cutter",black,2023-09-18,aditya10@hotmail.com,_fbzX~CKw`
f1dde97e-3500-3aa4-8a05-57d214feeddc,Ms.,Roel,Bode,"69/37 Zboncak Views","Kilback Tunnel",Kabankalan,Utah,Bangladesh,189-746-727,198-715-748,Koepp-Donnelly,lubowitz.com,Electrotyper,aqua,1993-08-20,eugene36@zboncak.com,vPicag.}rGe
2d75d51f-9e98-37ad-8d4c-d3b8b10c4acb,Dr.,Stanley,Ankunding,"90A/36 Stark Orchard","Gaylord Springs",Navotas,Oklahoma,Guam,078-775-288,882-828-624,"Homenick, Cassin and Rosenbaum",mccullough.com,"Middle School Teacher",navy,1992-08-12,liza.dietrich@hotmail.com,SMqA0/
51a94cb7-e25c-3915-8043-d6e3811b1f67,Mr.,Shanel,Labadie,"32/43 Heller Via","Wuckert Spurs",Calbayog,Mississippi,"Brunei Darussalam",210-262-673,340-015-911,"Sauer PLC",wyman.com,"Taxi Drivers and Chauffeur",navy,2021-05-28,rullrich@shields.net,"\}VvTRwCG$^G"
cafaeebb-48d2-3582-9be1-355bfa938da2,Mr.,D'angelo,Sauer,"16/68 Hirthe Field","Schaden Knolls",Tuguegarao,"North Carolina",Ecuador,825-771-663,895-325-881,"Wisoky, Carter and Marvin",rippin.com,Manager,olive,2015-07-15,blick.destany@hotmail.com,MnQ}?|!
fff3e1a5-6f42-3a2c-8941-39a387dc1a7f,Mrs.,Boyd,Wilkinson,"43/84 Conroy Orchard Apt. 895","Romaguera Inlet",Tabaco,Kansas,Samoa,841-005-958,964-977-043,"Langosh, Toy and Nitzsche",von.info,"Milling Machine Operator",aqua,2013-07-06,gracie.shanahan@lang.net,T9R-xbIH43Z4fTH>h:!c
70d7639c-0a44-3850-ac82-16ca039e623d,Ms.,Hannah,Anderson,"64A/04 Mueller Street","Kilback Village",Tacurong,"South Dakota",Iraq,237-535-968,989-079-979,"Anderson, Hammes and Wilkinson",adams.com,"Mapping Technician",aqua,1975-02-27,sipes.kenyatta@gmail.com,"fpCB4=sH_;j]79:[,F"
75c16eb4-4e58-38d4-9668-44b5b12f9765,Dr.,Aglae,Kreiger,"88 Rath Points Apt. 174","Metz River",Mandaluyong,"District of Columbia",Niger,969-417-607,800-845-809,"Doyle, Wilkinson and Rutherford",hand.com,"Child Care Worker",maroon,1989-02-25,walter11@yahoo.com,r&0+1uQmNW%.T}_M>
d98f67c0-b35d-3932-9a3a-67e6bed6c90c,Ms.,Kiera,Schuppe,"64A/16 Kub Square Apt. 480","Larson Knolls",Victorias,"North Carolina",Spain,596-061-714,778-359-146,Upton-Hansen,wuckert.com,"Mining Machine Operator",aqua,2021-08-03,okon.ervin@gmail.com,F]'NR1I0
fc304fac-b0df-3d55-918a-fc5673f8eca0,Dr.,Christian,Funk,"66A VonRueden Crest Apt. 363","Boyle Garden","Surigao City",Florida,Bangladesh,866-300-284,163-760-654,"Hilpert, Wunsch and McGlynn",mclaughlin.org,"Tax Preparer",purple,2009-01-18,norma45@hotmail.com,-vq*m}2$M7F*7
1c017d7a-a399-3de7-a6b4-9f85cc3bb289,Dr.,Ashlee,Hirthe,"62/23 Spencer Point Suite 972","Yundt Street",Mabalacat,Mississippi,"Slovakia (Slovak Republic)",863-877-565,546-011-363,"Nienow, Kris and Hamill",kovacek.com,Welder-Fitter,olive,1996-09-22,bgrady@yahoo.com,gH.!uiB`<a
984b9b46-fa8c-33c5-9b75-e09b579eedeb,Prof.,Amparo,Buckridge,"59/18 McCullough Ranch Suite 581","Fisher Stravenue",Muñoz,Pennsylvania,Iran,415-473-910,539-726-839,"Schoen, Bednar and Schamberger",ullrich.com,"Mining Engineer OR Geological Engineer",purple,2000-01-16,gabriella32@yahoo.com,22VPFc
edcd90d3-c21a-3f69-9bc8-21349e051762,Mrs.,Verlie,Jacobi,"43A Wolff Parkways","Ullrich Village",Urdaneta,Florida,Montenegro,040-307-397,705-899-642,"Leffler PLC",sauer.com,"Farm and Home Management Advisor",navy,1998-10-16,gertrude.haley@ziemann.com,"n[n/+Dm9Qh""TaX-"
3312602d-f292-3898-a068-40470807deed,Prof.,Violette,Lemke,"52/99 Schmidt Coves Suite 124","Reichel Park",Tayabas,"New Jersey",Djibouti,329-668-298,168-060-430,"Hudson Inc",hermiston.com,"Surgical Technologist",olive,1988-05-12,harmon68@gmail.com,Qf*4L)
9c4d6b67-5048-37cb-803b-ee82b131b51b,Miss,Virgil,Weissnat,"76/96 Mraz Shores","Kohler Ferry",Balanga,Ohio,Guinea,169-524-206,118-146-033,"Lindgren and Sons",feest.com,Brickmason,olive,2003-04-13,jodie35@gmail.com,094`oj;yza0.
bbdf97e4-b722-386f-a6fd-1042b553a06b,Miss,Russ,Bauch,"75 Hill Plains","Parker Harbors",Batac,Maine,Argentina,095-115-126,288-199-627,"Zemlak, Parisian and Howell",wiza.com,Molder,teal,1988-04-12,kyle.stiedemann@hotmail.com,[(=L[MoM[FpE`/E
83e5ab2e-18ee-30b2-88aa-56e9b58cd645,Prof.,Floy,Okuneva,"48/65 Bosco Mountain Apt. 222","Kshlerin Ridges",Valenzuela,Connecticut,Uruguay,698-219-209,683-721-050,"Macejkovic and Sons",frami.org,"Materials Engineer",fuchsia,2011-08-05,hand.simeon@gmail.com,CKOU/%
5ff78f16-9dab-3405-9d9c-a6cff6f60e02,Dr.,Makenna,Spencer,"66A Bartoletti Well","Kreiger Mills",Dagupan,Tennessee,Guyana,814-453-246,861-551-887,"Schaden LLC",senger.biz,"Production Laborer",purple,2022-12-10,pinkie17@gmail.com,"m7_>v9\"
12806686-b44a-330f-9d33-6bf7008063af,Prof.,Lou,Waelchi,"18 Emard Circles Apt. 836","Toy Ways",Borongan,Alabama,"Holy See (Vatican City State)",991-638-790,882-238-737,"Flatley, Mayer and Fadel",swaniawski.biz,Construction,aqua,1993-12-12,ttreutel@yahoo.com,VGw>>w.B
c04749ed-57b6-35db-8d1b-4a3e85ae0414,Dr.,Felix,Kerluke,"04A Nikolaus Field","Hettinger Tunnel",Taguig,Maine,Guadeloupe,522-909-824,811-388-721,"O'Kon, Beier and Gutkowski",murray.com,Forester,maroon,1993-08-27,gusikowski.cyril@gmail.com,P4Qor.P>Ek=4^&y
0627be26-ac0f-3ec4-b523-ec7115e2a312,Mr.,Henderson,Huel,"11/45 Stanton Causeway","Kemmer River",Sipalay,"District of Columbia",Tajikistan,531-537-716,025-961-226,"Hoppe, Kuhlman and Orn",davis.com,"HR Specialist",lime,2006-03-28,madisen.prohaska@hotmail.com,I&(yYG=~b3=*Sy#N6
5a5f9275-1d31-31ff-829d-51adefaeb519,Dr.,Paige,Dooley,"55A/50 Bergstrom Cliff","Batz Highway",Toledo,Colorado,Dominica,794-801-251,894-152-576,Goldner-Predovic,casper.info,"Aircraft Launch Specialist",purple,2007-11-04,iheathcote@quitzon.info,"7]]LE^OvtD0z+s[H\8"
0095eab1-bfb2-33e2-a4d4-62bdb6c00330,Dr.,Jessyca,Wilderman,"70/68 Halvorson Lock Apt. 302","Schultz Avenue","Masbate City",Maryland,Ghana,731-763-120,855-742-533,Kozey-Kassulke,daniel.com,Chiropractor,teal,1993-10-05,gibson.austyn@bartoletti.info,?q~m48ph{0d/=U(r!7
014c902c-6a2d-3ea4-8854-65d8f3e108d4,Miss,Lea,Sipes,"20/31 Gibson Ferry Apt. 475","Rolfson Islands",Gingoog,Alabama,"Christmas Island",808-696-253,262-293-886,Cartwright-Powlowski,hamill.org,Chemist,aqua,1974-03-02,bhowe@konopelski.info,"DM\k9wp+{Oc"
d310d0d8-2b49-3093-9f27-e83ce931e342,Dr.,Eloise,Dickens,"74A Grant Manors","Wilkinson Drive",Alaminos,Utah,Belarus,711-749-904,644-353-442,Greenholt-Davis,sanford.com,"Mechanical Engineering Technician",purple,2004-09-09,moen.laury@hotmail.com,'1CH=Z>LY=e
bccc2b4b-931c-3b3a-9de1-c0998809d6af,Ms.,Margarita,Schumm,"40 McCullough Springs","Olson Isle",Panabo,Pennsylvania,Nigeria,468-234-394,379-804-703,"Schamberger, Kshlerin and Luettgen",hermann.com,"Radiologic Technologist",purple,1993-05-14,barrows.danny@brown.com,&j{UK}i3/[#+!hd
31dd9f67-5236-3b3c-acbc-f7b95b6b4048,Prof.,Issac,Bode,"81/55 Rice Pass","Huels Island","Davao City","New Jersey",Latvia,099-749-673,268-132-000,"Streich, Friesen and Mills",kovacek.com,"Architecture Teacher",lime,2008-05-26,corene50@carroll.biz,G:TTjt<&`3K}s9
094f5913-04d8-3aaf-a2ea-e77b418276b8,Ms.,Skye,Casper,"80A Bergstrom Street Apt. 324","Dach Road",Baybay,Washington,Madagascar,249-173-240,408-664-663,"Lakin, Hane and Kiehn",lynch.com,"Health Practitioner",teal,1993-03-19,dicki.orin@roob.com,`V)7M>dz_nr
280568b4-5f51-3896-8029-b80de650ff36,Ms.,Hilbert,Pfannerstill,"89A/99 Effertz Plains Apt. 050","Murphy Cove",Calapan,Minnesota,Liechtenstein,923-684-021,554-850-440,"Hermiston Ltd",hintz.com,"Dot Etcher",maroon,1984-06-28,jaeden54@connelly.info,Yv:Gd3'
7f03be41-70e6-3f2a-a03f-1fe706f721d7,Mrs.,Jordane,Tillman,"11A/30 Rowe Centers Apt. 042","Skiles Street","General Santos",Wyoming,China,438-201-426,116-167-597,"Cassin, Nolan and Lowe",rohan.com,"MARCOM Manager",blue,2004-07-02,jroberts@yahoo.com,ym$`_Ia'ZOS`
01983752-af72-3fad-99c0-6563776a2340,Prof.,Austyn,Kunde,"66A/71 Bechtelar Circle Suite 406","Kessler Garden",Kidapawan,Alabama,"Saint Lucia",870-207-966,298-650-795,McDermott-Hirthe,feeney.com,Biophysicist,yellow,2016-12-08,rkuvalis@nikolaus.com,"AhED_S\"
4ea17ecd-214e-3db5-a406-64989c9999ae,Dr.,Skylar,Halvorson,"18A/39 Hegmann Corners","Gutkowski Fords",Cabuyao,Oklahoma,France,839-459-714,236-453-334,Sauer-Rice,leuschke.com,"Visual Designer",silver,1977-08-05,bode.constantin@yahoo.com,"tZkJpu&."""
462d3879-f9bd-3aa6-b51e-d141f8cd2e80,Dr.,Monserrate,Medhurst,"95/19 Spencer Court","Watsica Garden",Bayugan,Hawaii,Vanuatu,733-897-229,595-307-379,"Brakus LLC",jacobi.com,"Fashion Model",teal,1974-12-22,shermiston@bartell.org,"o""E1|0n>EIvalf/@V]i"
b0af60aa-1f52-33b3-823c-92ce83d7f226,Ms.,Deon,Bogisich,"74/80 Haley Terrace Suite 483","Parisian Forks",Tanauan,Delaware,Monaco,104-031-536,729-900-536,Rice-Dibbert,lind.com,Manicurists,navy,2013-03-03,thiel.jessy@feil.com,"_LzwEz,>e4{/rS+^X""<"
8fea5d54-728d-3e44-a393-504510b9383c,Miss,Winfield,Shanahan,"98A/96 Lakin Hollow Apt. 634","Rowe Camp",Cabuyao,Nevada,Nigeria,678-204-397,557-302-629,"Frami Group",berge.info,Nutritionist,maroon,2002-05-08,damaris19@lemke.com,6tfuhp#/=E|li`f
a9610731-9f88-39ef-bbf4-682c260a6ac6,Prof.,Seth,Kuhlman,"89 Auer Landing","Wehner Islands","San Fernando",Ohio,Spain,407-701-519,512-167-136,"Schinner, Murazik and Mann",barrows.com,"Fishery Worker",silver,1987-01-18,cgerlach@walker.com,v'nT0u`Q&olF
f83b9521-5e38-3b9f-944f-90e23d1de152,Mr.,Constance,Muller,"48/94 Jaskolski Fall","Schmidt Lights","El Salvador","New Jersey","Holy See (Vatican City State)",614-568-422,609-254-743,"Hirthe Ltd",altenwerth.com,"Creative Writer",white,1995-12-01,larson.lavon@hotmail.com,o<d{n%;Y`c6Q9cT.p+
83c7d95f-a755-3283-8522-c1243bdada84,Mrs.,Treva,Christiansen,"34A/16 Rice Hills Apt. 791","Connelly Motorway",Sagay,Arkansas,Ghana,539-176-612,782-482-009,"Swaniawski, Zulauf and Reynolds",powlowski.info,"Social Scientists",navy,1996-10-25,zora02@bode.com,"}<hjp,[!@6"
d5013a0a-4d10-36a2-a727-904bfae312d3,Prof.,Anika,Stiedemann,"08A/27 Quigley Villages","Skiles Flats","La Carlota",Nebraska,Zimbabwe,995-778-205,750-660-221,"Hagenes, Dickens and Wisoky",rolfson.org,TSA,yellow,1970-12-09,beahan.cyrus@hotmail.com,"|v]Hn0,""%J899'"
a2f2dcfc-3eeb-3344-88d0-1150d3fe7b26,Prof.,Orie,McKenzie,"68A Hills Stravenue","Stroman Drives","Zamboanga City",Oklahoma,"Antarctica (the territory South of 60 deg S)",271-783-407,948-755-365,"Mohr, Leffler and Yost",hyatt.com,CTO,yellow,1979-05-22,saige.cruickshank@hotmail.com,"i9F3{HMc""\|~YJJN"
ff455e13-fa68-3671-b30b-2ff811d15c5c,Dr.,Shyann,Cassin,"51 Reynolds Fields Apt. 438","Feeney Throughway",Carcar,Kentucky,Thailand,085-786-639,442-751-424,"Rodriguez Ltd",nicolas.com,"Court Clerk",green,1982-09-05,bahringer.aglae@gmail.com,+h'b.m[uCJ>CR
a40e9466-1f4f-3416-bc51-73e64fe540fa,Mrs.,Devan,Tromp,"71 Bernier Pike Suite 260","Rohan Village",Ilagan,Alabama,"Netherlands Antilles",445-016-729,051-733-838,"Hickle, Stroman and Hyatt",gleason.com,"Forest Fire Inspector",yellow,2020-06-21,retha.ankunding@cummings.com,p*OWVW2ToK)bNF(p}#=6
1da20eda-0d51-313e-9091-285d493a400a,Prof.,Lelia,Kris,"11A Feil Mountains","Casper Throughway",Calamba,Arizona,Reunion,076-532-911,497-049-373,"O'Hara and Sons",schroeder.com,"Logging Tractor Operator",olive,2016-06-26,hamill.aileen@yahoo.com,",n8+yik'3g"
1b893ad6-f533-31bb-a4b9-8959bec1804c,Dr.,Clara,Daugherty,"22A Bailey Stream","Beahan Crossroad",Dasmariñas,"District of Columbia",Cambodia,735-857-296,882-030-376,"Satterfield Ltd",oconnell.biz,"Medical Technician",gray,1996-05-11,arau@gmail.com,"i1b^x2w;ynC::&,"
d243b29b-b77d-3eff-8424-70c719e9426b,Prof.,Derek,Hodkiewicz,"24 Metz Fords","Shields Land",Laoag,Delaware,Micronesia,784-683-881,371-126-569,Luettgen-Hintz,powlowski.com,"Pump Operators",yellow,1979-09-04,moen.albina@mertz.org,XFEk0|/Et[Le$
6d9ccccf-f5d4-3c6a-8e49-7c2efcf6521d,Dr.,Shannon,Waters,"94A/53 Cole Fall","Tromp Track","Sorsogon City",Maryland,Belarus,996-134-290,539-362-302,Larson-Hermann,thiel.com,"Service Station Attendant",fuchsia,1976-02-01,weber.maryam@vandervort.com,R7e^tOmnkU
4dec74a3-32b4-3f6e-bbe6-8d815f7cd563,Prof.,Ardith,Hickle,"97A Kuhic Ridge","Dietrich Shores",Naga,"North Carolina","Cocos (Keeling) Islands",927-388-189,997-516-987,"Welch, Balistreri and O'Connell",sanford.com,"Audio and Video Equipment Technician",aqua,1988-09-15,armstrong.raphaelle@hotmail.com,1!;j^`4'`WIUA?nk
b99296a3-db54-3e19-85eb-d91bd7063f5b,Mr.,Naomi,Kiehn,"12/96 Bruen Station","Herzog Pines",Koronadal,Colorado,"Saint Lucia",666-983-439,123-503-950,"Runte PLC",rolfson.com,Barber,teal,1983-02-25,lang.scotty@hotmail.com,"z8&FscKz/419(,k"
b7be5623-60cc-3c33-af7e-222c85548cca,Prof.,Hazle,Casper,"07A Adams Mall","Herzog Corner",Victorias,"New Jersey",Iran,687-344-901,044-692-984,"Beahan PLC",abernathy.net,"Mining Machine Operator",black,1996-09-13,toconner@gmail.com,m4csw+E<lVo@|4<i
912eaf99-a3b1-3c23-96ba-b607204237b0,Dr.,Mark,Smith,"20A Ziemann Isle","Runolfsdottir Fords",Himamaylan,Hawaii,"Norfolk Island",630-831-356,889-260-044,Cole-Kerluke,labadie.com,"Portable Power Tool Repairer",aqua,2022-04-14,langosh.parker@gmail.com,'}&Be3rJ9BJa
32a63cc8-50ec-33f7-8ddb-efd7edf7aa7a,Mrs.,Kendra,Will,"28 Daniel Forest","Raynor Isle",Santiago,Montana,Azerbaijan,716-044-538,223-701-111,Lowe-Fahey,hackett.info,"Title Abstractor",white,2013-11-16,rodger.oberbrunner@hotmail.com,"NIzV.\A_pb2."
cb4d9af8-fa30-3d15-96a7-b246a8674f8b,Dr.,Antonio,Hermann,"76 Koepp Ridges Suite 177","Runolfsson Prairie","San Pedro",Colorado,Japan,326-768-256,902-519-663,"Rath, Greenfelder and Tromp",collins.com,"Organizational Development Manager",fuchsia,2000-11-27,emccullough@hotmail.com,!Z@v0cK
7521ef85-371f-3a8c-8107-296533bfe201,Mrs.,Jeffry,Emard,"61A/02 Padberg Common","Hackett Lodge",Tagaytay,"North Carolina",Mauritania,452-817-499,082-214-990,"Turner, Steuber and Schoen",sipes.com,Solderer,olive,2014-10-30,asia.sanford@hotmail.com,"/M!NmTu"",b1Kq~aw-cL"
6a07cfb7-86d1-3d85-8f48-f46b7b995b88,Ms.,Dudley,DuBuque,"94 Dietrich Coves Apt. 276","McDermott Walk","San Fernando",Connecticut,Benin,446-828-864,370-701-676,"Cummerata Ltd",dare.biz,Curator,yellow,2013-02-13,fleta82@gmail.com,N>Z-.v%e'l-Ls5
433b2346-933b-395f-947b-7c71d4d41dad,Dr.,Hilda,Zemlak,"65A Mraz Throughway Suite 163","Johns Spring",Mandaluyong,Utah,"Lao People's Democratic Republic",414-618-330,200-251-952,"Daugherty, Swaniawski and Prohaska",crona.com,"Central Office",silver,1970-01-27,mina65@vonrueden.net,"e.,MIFbrh\x#%{7'{>w"
8165f662-c6b5-3781-9d89-49704d5c7f23,Mrs.,Justine,Ledner,"87 Miller Lane","Stehr Villages",Tacloban,Michigan,Reunion,412-152-940,032-919-518,"Hackett Group",wintheiser.com,"Ambulance Driver",silver,1990-03-18,kurt22@hotmail.com,"/|m3Qo\G<C"
8b78b83b-1577-366b-a276-fb8248be8475,Dr.,Rafaela,Hickle,"65/38 Paucek Circles","Tromp Junctions",Calapan,Minnesota,Suriname,085-429-417,400-049-051,"Hilpert LLC",effertz.com,"Music Director",teal,2018-04-28,jast.raphael@gmail.com,",$+~0%^n0oD0m$X"
5fb3b676-e3f5-3e60-a6c3-f9f573f39d5d,Mr.,Margaretta,Stehr,"74 Bernhard Isle Suite 546","Grant Loaf",Legazpi,Georgia,Cambodia,367-064-617,012-094-915,"Zieme, Breitenberg and Emard",macejkovic.com,"Director Religious Activities",yellow,1980-03-08,john.feil@mills.biz,dj4J4/c$1+cq{rvAH)kW
8f79a3a6-20ac-3b13-8243-6cf0f84747b1,Prof.,Jasen,Hackett,"89A/60 Quitzon Center","Boyle Pines",Tanjay,"South Carolina","San Marino",772-444-005,096-385-427,"Gutkowski, Lesch and Bechtelar",howe.com,"Terrazzo Workes and Finisher",yellow,2007-12-20,jerrod.lesch@yahoo.com,Dg%vms
1bbc415d-42ca-3f45-9b76-0dc858d21c7a,Prof.,Reyes,Becker,"48A/72 Abshire Fords","Mraz Rapids",Danao,"West Virginia","United States Minor Outlying Islands",932-860-966,771-175-839,"Marvin, Miller and Kuphal",feil.com,"Portable Power Tool Repairer",green,1970-12-10,lbradtke@gmail.com,"=[`>\K,`JO<{"
05fba974-f415-3591-83a0-bae226264344,Prof.,Lynn,Lang,"74 Lowe Club","Spinka Isle","Las Piñas",Indiana,"Central African Republic",435-464-852,930-839-491,"Kautzer Ltd",rempel.org,"Program Director",silver,1997-03-07,dimitri.mayer@conn.info,+d.Mfr
6d17b040-efb4-3952-9e45-c60fb577dd41,Mr.,Vicky,Swift,"93/49 Langworth Ridges","Miller Drives",Tabuk,Colorado,Jamaica,393-249-343,621-067-463,"Effertz Inc",hermann.com,"Textile Cutting Machine Operator",fuchsia,1985-05-27,rahsaan.ferry@hotmail.com,fR[V@P:TzcRsMn:
5de5b858-a8dd-3c3e-953c-bf1d30d7e538,Ms.,Christophe,Daugherty,"16 Carter Harbors Apt. 377","Altenwerth Fall","El Salvador","New Hampshire",Uruguay,849-004-838,081-332-665,"Lubowitz and Sons",christiansen.com,"Plastic Molding Machine Operator",fuchsia,1972-02-06,hector66@hotmail.com,CoYO9'm#|5!yaYa`c1
4a21b52a-9b58-32db-ae86-8e5394598d71,Prof.,Lola,McKenzie,"21/94 Pagac Shore","Torp Street",Taguig,Hawaii,"Bosnia and Herzegovina",445-920-098,107-460-287,"Welch Inc",mraz.com,"Automotive Mechanic",maroon,1981-08-24,princess.schoen@runte.com,U6LJMQ4otnv?arWv*a
3a1bcc77-8adb-30da-86e7-7660278f2b56,Dr.,Marcelo,Terry,"48A Kuphal Islands Apt. 358","Russel Row","San Pablo","New Mexico","United States Minor Outlying Islands",008-131-957,864-114-897,"O'Reilly, Borer and Littel",durgan.com,"Painter and Illustrator",silver,2009-08-10,sthiel@reinger.biz,*UzM+Sh#1/
5e88b5eb-963b-3df4-a7d4-059e0240928d,Prof.,Oscar,McKenzie,"24A Stracke Mountain","Heller Forest",Isabela,"New Hampshire","Saint Martin",398-305-939,424-775-966,"McLaughlin Group",okuneva.com,"Diamond Worker",green,1981-01-20,zetta.nitzsche@abshire.biz,Z9tJ:+%c8
794faa8c-bfad-3df1-8732-ab9109490fc5,Mrs.,Augusta,Eichmann,"71 Okuneva Court","Konopelski Curve","General Santos",Michigan,Sweden,965-490-710,521-396-051,Koepp-Cole,skiles.com,"Protective Service Worker",purple,2016-09-05,sipes.lyla@hotmail.com,Phod>5*zAMpBu;CG|]
7c4d994d-1fba-3c45-b697-01b31b26943f,Mr.,Kassandra,Reichel,"01A Stracke Plain","Upton Greens",Candon,"West Virginia","Saint Barthelemy",640-797-828,513-162-795,"Dickens, Breitenberg and Waelchi",nienow.info,Landscaping,fuchsia,2011-08-23,dskiles@mclaughlin.net,"(]V18lMV1J,"
c83e6b90-4ac6-3ae5-96e8-1e5ea57d56a9,Prof.,Berniece,Smitham,"74A Funk Rue Suite 353","Funk Estate","Puerto Princesa",Ohio,Tuvalu,342-398-678,451-427-488,"Gerhold, Altenwerth and Kris",crist.org,Lifeguard,green,2016-12-30,hills.ena@yahoo.com,eZ2pO!JP
1c27b58f-a17e-32af-bdc7-3a098bfa4ed5,Ms.,June,Bode,"79 Klein Flat Suite 957","Langosh Trail",Marawi,Alaska,"New Zealand",071-115-321,987-202-451,"Ratke, Bartell and Predovic",jakubowski.info,"Nuclear Equipment Operation Technician",purple,2002-09-10,bruen.russell@strosin.net,:u~R:BGpg
84411f38-1bb5-3bac-864b-81e8893eafe5,Ms.,Terence,Volkman,"99 Shields Circle","Stokes Road",Gapan,Maryland,Uruguay,899-991-483,202-370-125,"Durgan Ltd",volkman.com,Cook,olive,1994-09-13,dsawayn@feest.com,"(tp""%r*"
6e546b7d-440d-3d81-8931-7918e800e9eb,Prof.,Lacy,Hayes,"93A Moore Loop","Feest Island","Quezon City",Washington,"Sierra Leone",263-610-040,145-815-627,"Hagenes Group",emard.com,"Farm and Home Management Advisor",teal,2011-07-21,bailee.brekke@romaguera.com,]g[q5RH;Ua5{]gX`%1V
c694c97e-fd36-3231-8f94-235ec901d6f0,Mr.,Aracely,Murray,"13A Emard Curve","Jacobs Divide",Malolos,Iowa,Nigeria,558-637-425,018-257-301,Tromp-Muller,gibson.com,"Oil and gas Operator",gray,1996-04-09,vchamplin@hotmail.com,"wDdB@&$L{,FVsa!Dgn"
1c96204d-50e1-35e1-ad8c-613aa64f56ec,Miss,Reggie,Runte,"31A O'Keefe Point","Wintheiser Crossing",Dagupan,Colorado,"Turks and Caicos Islands",443-279-658,419-121-742,"Zulauf, Conroy and Ziemann",mueller.org,"Municipal Clerk",fuchsia,2018-11-27,brekke.torrance@hotmail.com,"?jWcI""4Ap'MKj"
debf88c6-1515-38d2-b4f1-b7e4b6bfe98e,Dr.,Rickie,Waelchi,"33 Langosh Way Apt. 885","McDermott Mission",Toledo,Florida,Tajikistan,315-625-076,459-384-279,Reinger-Osinski,waters.net,"Dot Etcher",maroon,2000-04-25,schuppe.naomi@cronin.com,P+$2`-vontbmkQ
1514bf40-492e-34da-abbc-c843d8c30ee8,Dr.,Ransom,Auer,"02A Walker Forges","Fahey Groves","San Pablo",Arizona,Uruguay,538-119-238,084-186-030,"Veum, Rutherford and Johnson",lesch.com,"Order Filler OR Stock Clerk",green,2020-04-30,gordon.larson@corkery.org,"L\~)v_"
ca666ab7-44bc-33c9-92f4-d981afacda13,Prof.,Reagan,Brakus,"46/44 Cummings Inlet Apt. 438","Labadie Locks","Iloilo City","North Dakota",Uzbekistan,037-755-139,288-382-262,"O'Reilly Ltd",hyatt.com,"Metal Molding Operator",green,1988-05-29,mgoldner@bradtke.com,">l6gH,4$[ZZM'6*9j6th"
f23da194-e812-38d9-bbb0-5d2bb4f7c591,Mr.,Ellie,Hartmann,"92 Moore Mountains Apt. 890","Swift Plaza",Bayawan,"South Dakota","Costa Rica",460-569-783,795-978-961,"Schumm and Sons",pfannerstill.biz,"Set and Exhibit Designer",lime,1993-09-13,janice.cummerata@weissnat.com,#eor<rm
d7c11e05-c264-33f0-b5e8-15cddb3f9abc,Prof.,Blanche,Ortiz,"40/37 Leffler Views Apt. 347","Rutherford Freeway",Valencia,Virginia,Lesotho,839-121-482,225-905-311,"Tillman Inc",hudson.org,Counselor,black,1974-12-21,tbarrows@kunde.com,"Om0]y2[P\i9*6"
a166e66e-e6af-3cce-a6ce-390995a97c1c,Ms.,Sunny,Goyette,"90A/10 Gutmann Wall Suite 996","Metz Track",Cauayan,Vermont,Romania,390-188-316,611-762-991,"Wisozk, Cole and Batz",halvorson.com,"Safety Engineer",fuchsia,1990-12-21,wfranecki@waters.biz,yoBq;A
cb4c4029-85f9-37ba-9e9e-3abbbba8bb14,Dr.,Reanna,Rogahn,"45A/42 Kautzer Cape","Heidenreich Extension",Sipalay,Maine,Egypt,378-148-930,532-320-172,"Treutel LLC",waters.com,"Surgical Technologist",green,2005-04-24,gabrielle.runolfsson@jakubowski.net,u^W</0h~XL}>
712272dc-4359-32c6-86c4-c988e164aacf,Dr.,Madie,Sawayn,"76 Altenwerth Forest Apt. 441","Zboncak Highway",Bayawan,"South Carolina",Indonesia,767-475-941,739-367-328,"Goodwin, Swaniawski and Torphy",casper.com,"Freight Inspector",black,1989-07-09,monahan.kailey@gmail.com,cpo6c5#EN?@Pm6
27681eb9-bffa-3aaf-b7fd-110b4a847208,Miss,Antoinette,Schneider,"90A/21 Bayer Cliffs Apt. 254","McCullough Islands",Tangub,Vermont,Philippines,152-197-301,023-835-568,"Harber, Christiansen and Stracke",schinner.info,"Social Scientists",green,2022-09-02,bessie.satterfield@hotmail.com,gHh5U-?i4s/au_p}+m
9a6e911b-849f-3e3b-8600-7cf2dece697f,Prof.,Lilla,Abernathy,"32/12 Kautzer Plaza","Hane Ramp","Batangas City",Virginia,Aruba,368-460-564,889-503-738,Hyatt-Feest,terry.biz,"Mail Clerk",yellow,2004-08-20,kbednar@gmail.com,B;wu#gLVibBp^IYPVEos
24a145c8-9656-31dd-87b8-ef0f332f3b28,Miss,Domingo,Batz,"13 Hyatt Road","Kemmer Lodge","San Fernando",Indiana,Burundi,383-149-910,860-714-344,"Romaguera, Miller and Becker",leuschke.com,Healthcare,blue,2020-01-06,krajcik.lilian@wiza.biz,"\]<s6GHQ4H<%%V"
1de44bae-d5c6-3507-83ea-c3414e4fea9f,Prof.,Madie,Berge,"85A/93 Greenfelder Summit Suite 795","Wolf Glen",Antipolo,Pennsylvania,Togo,804-644-923,168-888-805,"Conn, Botsford and Champlin",williamson.biz,Paperhanger,white,1990-06-24,cgaylord@jacobson.com,Xn1C2_7R'k7gxqs$~
44f0902c-2e7e-3281-9e03-dcdfa9b2802f,Dr.,Haley,Feest,"71A/23 Kessler Squares","Nienow Hollow",Valenzuela,Colorado,Guinea-Bissau,251-166-588,667-271-255,"Eichmann, Littel and Dare",kunde.biz,"Chemical Equipment Tender",purple,2019-04-24,darrin78@mertz.com,!N^~@d
f4985d5b-bb62-39f3-935e-87c1a829fb81,Dr.,Lilly,Stroman,"34A/87 Shields Pine Apt. 901","Walsh Mews",Palayan,"South Carolina",Thailand,768-274-302,573-457-418,Gorczany-Leffler,skiles.com,"Entertainer and Performer",gray,1985-10-24,garret.pouros@olson.com,"CrJ""`;!|1or!u}m^E"
7ccf623f-5c4f-3b7e-a611-d6cff861005a,Dr.,Luther,Bailey,"55A/42 Price Drive Apt. 981","Vandervort Coves",Oroquieta,Utah,Zambia,254-019-106,980-188-215,Steuber-Aufderhar,miller.com,"Rail Yard Engineer",white,2010-12-29,rolfson.margarette@ruecker.com,H]_z(-i6}yjZWZj+&4}+
db76570d-4558-3193-afa4-005dc91b4584,Ms.,Kathryne,Armstrong,"29A/95 Kertzmann Route","Stamm Extensions",Meycauayan,Michigan,Guatemala,146-067-154,085-632-664,Kuhn-Bogisich,lockman.com,"Plastic Molding Machine Operator",navy,2007-07-11,amira.rohan@hayes.info,_nP_^+Tzu(mT>WE[
d0491b72-39e6-3bb6-96f5-2e6b50e170bc,Ms.,Selmer,Dooley,"32A/13 Cummerata Forge Apt. 142","Jacobs Oval",Malaybalay,Louisiana,Swaziland,303-796-844,365-520-889,Skiles-Kuhic,grant.com,Manicurists,black,1993-03-21,tmayer@hotmail.com,"^j#/KE\8$@?"
824fb71f-38fd-3259-80e0-08e8bbd23f93,Dr.,Chandler,Fahey,"86 Kemmer Glen Suite 286","Fahey Drive",Valenzuela,Wyoming,"Czech Republic",983-644-697,149-653-882,Homenick-Crona,wolf.com,"Mixing and Blending Machine Operator",silver,1971-02-08,austen.miller@gmail.com,bTly;fv>G?
67d443da-7ff4-3834-9016-22d0de766df0,Prof.,Abdul,Bednar,"55A Balistreri Well","Zemlak Orchard","Zamboanga City",Washington,Suriname,235-083-283,405-807-401,"Shanahan, Jones and Barton",yundt.com,Biochemist,maroon,1989-11-17,norwood.parker@hotmail.com,-Op3gbu?+
c71ab0d0-1596-3619-b24e-1e8846220d6e,Dr.,Kamren,Klein,"62 Koss Spur Apt. 301","Cormier Radial",Marawi,Colorado,Mozambique,866-498-166,170-853-248,Bosco-Rohan,wisoky.com,"Computer Hardware Engineer",white,1984-07-20,chloe.koelpin@hotmail.com,LM!CJ?6
5709e15e-b412-3ebd-b4cb-9a85343015a9,Miss,Mary,Quigley,"13A Jenkins Well Suite 590","Weber Fall",Talisay,Minnesota,Romania,012-242-637,028-805-225,"Okuneva, Klein and Quigley",lakin.com,"Insurance Claims Clerk",blue,1986-02-14,adolfo.dickinson@lowe.org,"F<AT3<,)kqnX"
3b0be165-6c79-3698-990e-bd80e8bca987,Prof.,Vivian,Homenick,"18A Langosh Club Apt. 027","Tromp Mountains",Sipalay,Texas,Tajikistan,405-958-272,251-440-666,"Hand, Lehner and Daugherty",cormier.com,Grips,aqua,2007-11-26,eliane.reichel@hotmail.com,S8iS;Z|3e1B
10cc9e5d-1fbd-3cc0-9e24-7de45c4a8844,Prof.,Sigurd,Mraz,"78A/14 Breitenberg Brook Apt. 731","Langosh Green",Taguig,Delaware,Timor-Leste,458-640-238,299-549-509,Schowalter-Okuneva,emard.com,"Mining Machine Operator",olive,1985-11-12,isipes@oberbrunner.com,-I}a@y
372b92a9-0878-3a59-8656-afa2428e9886,Dr.,Erwin,Donnelly,"48A Feeney Trace Suite 836","Zulauf Stravenue",Talisay,Missouri,Palau,415-823-890,551-021-842,"Cruickshank, Gibson and Hermann",thompson.org,"Sys Admin",blue,1974-11-04,sohara@pagac.com,mc7M~(
157fc3da-556c-30c2-982f-abb319d830ce,Miss,Gaylord,Weissnat,"90A/94 Cormier Burgs","Purdy Knolls",Marikina,Mississippi,Germany,432-582-901,827-882-792,Price-Gislason,wiegand.biz,"Police Detective",aqua,1986-01-07,hadley.greenfelder@yahoo.com,1w>R3'O(]$/%|G`7
9b2f7137-5ed2-3bd0-9247-c979eb8e36a0,Prof.,Jalen,Tromp,"27/69 McKenzie Stream Apt. 904","Gleichner Falls",Iriga,Michigan,"United Arab Emirates",685-878-043,951-520-710,Blanda-Jakubowski,kerluke.com,"Recreational Vehicle Service Technician",silver,2024-04-13,camryn.turner@orn.com,N..r(%
044d94c2-56df-38c3-942c-239dd65eb247,Miss,Diamond,Rowe,"43A Koss Forest","Price Rapid",Passi,Maine,Tuvalu,347-656-845,405-257-720,"McLaughlin, Schmidt and Cronin",cormier.net,"Tire Changer",gray,2018-05-25,paucek.keeley@gmail.com,"CUU!x54\"qsS>jab_S"
011d3700-04aa-36ae-9fef-39fcbdcff70d,Prof.,Aiyana,Bergnaum,"74A Harber Junctions","Larson Flats","Davao City",Texas,Guyana,517-520-793,496-894-609,"Sporer, Monahan and Raynor",bernier.org,Fitter,white,1972-10-17,dan49@hotmail.com,"I4aG\^s~09}aG|"
b4fed72a-9873-3f38-95a5-201e12213535,Ms.,Dariana,Dach,"47A/32 Metz Stravenue Apt. 969","Hegmann Crest","Las Piñas",Florida,Haiti,322-662-025,660-511-617,Stamm-Kuphal,morissette.com,"Production Control Manager",teal,2008-06-25,marvin.aubrey@purdy.com,CmhEojteA
91a51339-edcd-3c70-b56b-f5993c2bcc66,Prof.,Marianne,Rohan,"29A/78 Hill Harbor","Lebsack Land",Ligao,Wisconsin,"Wallis and Futuna",759-719-532,912-175-769,Ratke-Hodkiewicz,windler.com,"Logging Equipment Operator",white,1974-09-03,nolson@rempel.org,"]""sJLR4jzc+'2N"
82212e94-e91b-31eb-8217-21d50c4dc4bd,Dr.,Angela,Balistreri,"61A/41 Crooks Spring Suite 596","Bergstrom Mountain","San Carlos",Georgia,Namibia,561-466-246,566-552-693,Ritchie-Runolfsson,wintheiser.net,"Vocational Education Teacher",maroon,1994-11-24,daugherty.katlynn@wehner.com,#Bp&m$
1a5bc49d-4fb7-3cb6-9ebb-839eaf0dbe47,Miss,Cristina,Cremin,"85/49 Kshlerin Radial","Bogisich Courts",Mabalacat,Vermont,"French Southern Territories",789-880-138,540-430-656,"Witting and Sons",mclaughlin.org,"Telephone Station Installer and Repairer",teal,2009-09-01,martin96@yahoo.com,"^\Z1o/[*~B,\]dg="
c90357fd-7f9f-30e7-a92a-fdd413436d65,Dr.,Shad,Johnson,"81/92 Rutherford Freeway","Koelpin Hollow",Olongapo,Vermont,Mauritius,429-532-172,545-822-464,"Corwin, Casper and Pfeffer",harvey.com,"Machine Feeder",blue,2006-07-04,sydney71@hotmail.com,"Mxvx,;'"
7d37ae43-ec88-3703-aeff-b2b935ce9f70,Mr.,Adalberto,Tillman,"34 Gleason Burg Suite 899","Huels Vista",Mati,"North Carolina",Switzerland,162-680-141,947-209-430,"Kilback, Schumm and Lang",funk.com,Tailor,navy,2014-04-22,royce41@dicki.com,"=ybG,|B9"
f898343a-9aef-38d6-8158-2ee4bf3553f3,Mr.,Kayla,Mitchell,"54 McKenzie Pine","Greenfelder Summit",Victorias,Illinois,Barbados,207-381-123,777-750-859,Keebler-Bruen,corwin.net,"Funeral Director",fuchsia,1983-01-11,lebsack.lori@dietrich.com,b|U(=XR+0
4ec7d0a3-d5fc-3d8a-9a17-6649eff3531d,Dr.,Francesca,Franecki,"19A/62 Huels Ramp","Crist Mount",Dumaguete,Vermont,Kuwait,834-012-333,825-341-123,"Hagenes, Walter and Considine",rath.biz,"Human Resources Manager",fuchsia,2013-12-29,mills.loyal@murphy.com,"0\tBRYMCAeQhV"
e54cbae8-2ca2-398a-92da-45298b74323e,Mrs.,Constantin,McCullough,"76 Wolff Prairie","Stiedemann Common",Catbalogan,"South Carolina",Bolivia,238-235-396,326-709-984,"Terry, Dickinson and Fay",homenick.net,"Economics Teacher",olive,1995-04-07,lacey.brown@gmail.com,HpT]{w>A5eGw*r
72264852-ab07-3f27-8ad7-921436f92c51,Mr.,Eleanore,Jaskolski,"31 Sanford Vista","Kozey Plaza",Olongapo,Maine,"Dominican Republic",280-734-277,869-220-417,Ryan-Harber,murray.info,"Social Scientists",white,2022-12-31,qmann@hotmail.com,"7j""%Tiddaub"
6d01b408-3779-3374-9997-38f8ab592107,Miss,Trey,Mitchell,"80A/93 Will Knolls Apt. 578","Morar Village",Vigan,"New Hampshire",Ghana,377-399-634,450-547-757,"Luettgen Ltd",cole.net,"Budget Analyst",green,2009-01-26,kaylah.treutel@gmail.com,>09WB:Uo>0C?f
8a8c9dd5-3295-3b2f-b9ed-ca189d974a8e,Prof.,Effie,Oberbrunner,"38 Lehner Lake","Koepp Curve",Gapan,California,Indonesia,197-972-122,491-208-753,"Barton, Blick and Gerlach",pollich.org,"HR Specialist",olive,1975-05-18,barton.beth@glover.biz,"-a&8X,tsT]DW"
c818b4a8-2702-3a2e-a9cb-b3552cd0dc03,Mr.,Esta,Gutmann,"74 Doyle Plain Suite 342","Hoeger Village",Bayawan,Arkansas,Brazil,934-124-634,760-207-654,"Kilback Inc",schinner.org,"Pest Control Worker",teal,1979-05-29,kwindler@yahoo.com,W<P$$JJ7MrF!v-
74dab2d6-041c-3dde-9fb4-48a3a675d284,Prof.,Jalyn,Weimann,"82A/81 Williamson Green","Hermann Fork",Malabon,Alaska,Portugal,598-714-837,940-647-897,Bartoletti-Cremin,weissnat.com,"Residential Advisor",maroon,1998-11-04,jeffry62@rau.com,"#&C6&E^qyz}""Vwx\?T?"
3e8c2555-2e7d-35d2-b7e3-d44fa0885342,Dr.,Alfonzo,Wolff,"15A/36 Walsh Turnpike Suite 031","Hane Flats",Iligan,"South Dakota",Togo,085-314-798,229-369-543,"Kunze, Barton and Brekke",hackett.com,"Law Enforcement Teacher",gray,1994-07-03,courtney.rowe@gmail.com,a]ag(OM&4j?Ny.
97c70fc0-d980-3a1d-9244-043e8a12f19e,Prof.,Yadira,Fritsch,"86 Stoltenberg Villages","West Corners",Dumaguete,"South Dakota",Azerbaijan,548-221-594,499-543-802,Cassin-Mohr,baumbach.com,"Preschool Education Administrators",black,1998-06-22,alice.rempel@ruecker.info,!WYR:}tCnF8MBX8ILM
6c647552-0907-3125-9deb-c41410570592,Ms.,Amy,Bernhard,"66A Kreiger Keys","Wunsch Well","Santa Rosa","South Dakota",Netherlands,553-402-035,843-305-381,Jerde-Farrell,durgan.com,"Log Grader and Scaler",maroon,1987-04-08,hintz.elias@cremin.info,A[OWY3O|
9beb15c9-2f28-3ec5-bef8-7901bf81572e,Dr.,Jerome,Sauer,"59A/89 Doyle Spurs","Hand Drive",Bago,Montana,Botswana,704-887-382,738-754-259,"Welch, Wolff and Kautzer",koch.com,"Sales Engineer",maroon,1977-04-19,rleuschke@gibson.com,:jY?DR1_H
82bcfec9-0011-3128-9120-e8a75bbb27f9,Dr.,Milford,Kihn,"24A Morissette Hills Apt. 673","Spinka Unions",Tanauan,"South Dakota","Czech Republic",845-857-150,993-260-292,"McCullough, Hickle and Shields",johnston.biz,"Gaming Dealer",purple,1983-01-09,twelch@heller.com,ZyC$cHn/l*wr!w)Z8
65317caf-fc52-3a27-a54d-5ad4033dd5a6,Ms.,Elliot,Beahan,"55/64 Kovacek Manor","Hermiston Island","San Fernando","North Dakota","Saint Vincent and the Grenadines",568-436-053,472-489-034,"Senger, Ortiz and Beier",beier.com,"Photographic Developer",gray,1997-07-31,magdalena19@schuppe.com,FLdUNO&N'DjG}HkK
45a144de-73b0-395b-9986-c3cf0baac027,Prof.,Erica,Dooley,"71/27 Pouros Drive Suite 769","Blick Centers",Mandaue,"South Dakota",Senegal,653-460-821,349-866-430,Gerhold-Beier,renner.com,"Printing Press Machine Operator",aqua,1972-04-29,brown.chester@gmail.com,?FVH&Yh
c2597184-1223-3134-9499-dcb6a6b28aee,Mr.,Cassie,Swift,"20A Schulist Gateway Suite 801","Kilback Prairie",Sagay,Oregon,Tonga,592-161-333,184-074-153,Keeling-Mraz,thompson.biz,"Marking Machine Operator",black,1987-12-12,anahi.trantow@hotmail.com,sI~|YsuFpi;tU5G
9f5c11ef-81a1-3450-8401-e72392eb68ad,Mrs.,Tommie,Jerde,"47A/62 Windler Plaza Suite 096","Weber Cliffs",Muntinlupa,Alaska,Tanzania,042-694-427,811-499-536,"Ryan Ltd",lesch.com,Decorator,gray,1993-03-03,bmedhurst@hotmail.com,"\3o92o]M-TG"
47ed61e5-50f1-3b43-a4ff-ee247537f145,Prof.,Else,Muller,"59/27 Barrows Village Apt. 943","Beahan Oval",Mabalacat,Michigan,Montserrat,198-143-113,310-397-372,Balistreri-Deckow,hintz.com,"Securities Sales Agent",teal,2006-01-15,hagenes.dana@haley.biz,7cWH@1XY
21193b3d-67de-323f-a2f3-f78232efacb9,Dr.,Jeremie,Ebert,"73A/08 Pacocha Brook Suite 918","Wilderman Branch",Ligao,"New Hampshire",Tunisia,736-780-346,361-288-052,Glover-Morissette,schaden.biz,"Automatic Teller Machine Servicer",olive,1997-06-05,aliyah.swift@gmail.com,"r]Bn31RhJNkcyF4\"
768da7af-7cd4-3fe1-bf1b-f4a1e779a176,Dr.,Jimmie,Rippin,"28A Douglas Plaza","Tillman Courts",Guihulngan,"South Dakota","Sao Tome and Principe",563-176-075,608-051-653,"Hermiston, Kerluke and Jacobs",kreiger.biz,"Electronics Engineer",purple,2023-04-24,ghoeger@rempel.com,>pKR/-~ml!OZMefql<
f989bed6-6585-37e6-b08c-12f5870c3057,Dr.,Demetrius,Hayes,"81A/43 Bashirian Gateway Apt. 258","Torphy Lake",Pagadian,Virginia,Panama,311-594-567,798-029-819,"Zulauf, Kris and Koss",armstrong.biz,"Manufactured Building Installer",black,2005-12-22,walker.theresa@yost.com,NSNB=u4+uc`G
a3f206e2-0e4a-3b1d-a6e8-591e1cfbc364,Dr.,Amaya,Hauck,"65A/34 Jaskolski Garden","Larson Isle",Dapitan,Arizona,Venezuela,099-435-327,725-981-331,Nitzsche-Hudson,mckenzie.org,"Grinder OR Polisher",white,2021-03-07,shanel.klein@hotmail.com,24tw@iPYtP;L
64913389-3078-301a-a767-966fa6977e75,Dr.,Manuela,Hane,"56A/80 Hyatt Manor","Bahringer Alley",Pasig,Connecticut,Jersey,298-754-463,152-103-424,"Cormier, Sipes and Crooks",spinka.com,"Central Office",lime,2007-03-30,waters.raquel@stiedemann.com,"U%`tXd]\t!j"
3ac03c48-fd72-3efe-a063-31ca3cda930b,Prof.,Katherine,Wolff,"03A/83 Waelchi Rapids Apt. 773","Adams Ranch","Sorsogon City",Massachusetts,"Wallis and Futuna",744-854-463,925-105-865,"Erdman PLC",denesik.info,"Air Crew Officer",maroon,2007-09-11,kenna31@gmail.com,"+|(y""JDWA(v}a"
3b63decd-62fa-3ee5-b81f-95c20fd6b789,Mr.,Morris,Ullrich,"73/34 Altenwerth Plaza","Altenwerth Turnpike",Olongapo,Minnesota,Guatemala,281-293-476,321-743-044,"Hettinger PLC",friesen.com,Biochemist,white,2022-06-15,howell.goyette@langworth.com,Tr)~~+u)=
d161db12-aa8c-344c-95ed-bb5c79d79778,Ms.,Celestino,Stiedemann,"27 Franecki Rest Apt. 017","Wuckert Valley",Passi,"District of Columbia",Latvia,474-938-097,009-444-317,Stoltenberg-Blanda,berge.biz,"Licensing Examiner and Inspector",green,1973-02-09,bmoore@torphy.net,)SUGdIa/-)faZ<A+3
e8236e63-2e6f-336b-a465-11e4da87f57a,Dr.,Aracely,Feest,"65A Borer Locks Apt. 551","Macejkovic Centers",Ozamiz,Minnesota,Nigeria,398-826-430,331-623-619,Ankunding-Jast,cassin.biz,"Umpire and Referee",fuchsia,1975-10-07,alvis.mante@dubuque.com,tOPA29>wj}2oT&ZkL4A
730ba3ce-df3e-3d56-8a65-6bdf9737daea,Prof.,Lafayette,Schaden,"71/99 Mante Dale","Schmeler Gateway",Kidapawan,"New Jersey",Austria,318-261-385,076-131-470,"Steuber, Steuber and Haag",rau.biz,"Tool and Die Maker",lime,1998-08-20,akreiger@swift.com,E3^P4%D
b550e7fb-19f2-3912-8780-bda8ab6747eb,Mr.,Polly,Brekke,"53A Strosin Fork","Ernser Trace",Batac,Maine,Liechtenstein,910-519-066,900-797-355,"Turcotte LLC",powlowski.com,"Airline Pilot OR Copilot OR Flight Engineer",black,1977-07-05,gerald.fadel@gmail.com,"aD7m,z{yzyCX)<u*O_-"
19245b77-61f4-387f-86c0-2656bca5883c,Prof.,Jacquelyn,Cartwright,"82A Powlowski Terrace","West Islands",Muñoz,Minnesota,Montserrat,849-904-488,094-775-189,"Yundt, Hayes and Gibson",ziemann.com,"Well and Core Drill Operator",blue,1980-10-23,tbayer@hotmail.com,"hu|oT$HJ\+R+2T"
51d2e5b3-8262-390d-9f43-05769a907048,Mr.,Jessy,Bogisich,"63A Rohan Skyway","Lubowitz Extension",Biñan,"New York",Niger,763-493-179,739-723-030,"Greenfelder LLC",walter.biz,"Security Systems Installer OR Fire Alarm Systems Installer",fuchsia,1982-09-11,nelda28@white.com,"zt@o{,-X-_S"
55b09dfb-f9f3-3a9c-8154-ddad0b8d2da9,Dr.,Emilio,Bergnaum,"98A/24 Bechtelar Fields Apt. 685","Mante Pines",Baguio,Idaho,Vanuatu,976-802-872,545-097-358,"Hessel PLC",rau.net,"Recreational Vehicle Service Technician",navy,1978-02-07,addison.weissnat@yahoo.com,i-`*xu4Mf5>V
9f0463b0-9a2f-3ea5-b27e-120a0178182e,Mrs.,Jesus,Ledner,"71/65 Beer Inlet","Bruen Neck",Passi,Idaho,Anguilla,419-788-806,258-057-195,"Trantow Group",bauch.info,"Landscape Architect",green,1990-06-02,ivory.hagenes@orn.com,w55DyS/{mMrXF3w
197284c3-f65b-3ad3-baa8-c751775a484c,Mr.,Wellington,Cormier,"55/33 Bashirian Ranch Apt. 097","Buckridge Parkway",Ozamiz,Missouri,"Western Sahara",220-828-354,055-138-756,"Schamberger and Sons",hane.info,"Hoist and Winch Operator",black,1991-07-28,aileen.hand@doyle.com,@tl4?zO^AyYAMA}
3160d45b-eeca-3736-a634-46179e931fa7,Dr.,Grace,Fay,"86A Walker Rapid","Donnelly Pass",Iligan,Nebraska,"American Samoa",521-146-373,494-059-272,Ernser-Kemmer,kirlin.com,"Heat Treating Equipment Operator",aqua,1984-03-31,kenya.ankunding@ohara.com,b1]yBNwE&-:
72ae2296-6f22-3a50-95d1-2a8a99a50e7e,Dr.,Maryjane,Will,"66 Schultz Mountain","Walker Stream",Digos,Ohio,Morocco,450-428-908,392-087-669,Kuhn-Bartoletti,harvey.com,"Network Systems Analyst",teal,1991-10-02,anissa37@gmail.com,d5B@ua
a6af8fa1-5646-3286-9ff6-74ef2595bdd2,Mr.,Willis,Feeney,"95A Mayert Land Apt. 469","Emard Summit",Tagum,Florida,Fiji,274-426-640,830-868-060,Lakin-Hudson,treutel.com,Coroner,black,1974-06-05,wtremblay@yahoo.com,!e(s?s#=l%I9Qo
d8346670-a46d-35ca-86bd-bc85e209f9c0,Dr.,Walker,Cole,"20A/03 Kohler Squares","Kuphal Passage",Gingoog,Arkansas,Georgia,273-425-317,360-014-813,"Macejkovic, Barton and Gottlieb",mosciski.info,"Protective Service Worker",navy,2001-08-03,lionel01@oreilly.info,.+F.:UQLdeTG@Kpt{9>
2ce84667-9a5d-3740-99c4-04df662cb51b,Prof.,Marcella,Schoen,"68 Block Viaduct","Littel Forge",Maasin,"Rhode Island",Guernsey,188-916-856,353-306-451,"O'Reilly Inc",wuckert.biz,"Mechanical Equipment Sales Representative",black,2019-05-30,verdie.kunze@yundt.com,"TBLi5wvD\=+,"
dc860a26-a23e-3b85-a91c-04be8859179d,Dr.,Jedidiah,Larkin,"52A/30 Bahringer Skyway Apt. 990","Champlin Curve",Talisay,"South Carolina",Ethiopia,296-938-859,542-471-405,"Rosenbaum, Glover and Klein",quitzon.com,"Drywall Ceiling Tile Installer",navy,1976-04-15,gmiller@hickle.com,"$p1[d=Gb""}6`cpC^*|l:"
d66f76b9-1dad-3222-a1f5-d2a7aac240f7,Dr.,Savannah,Paucek,"41A/70 Dach Brook","Schmitt Road",Tabaco,Pennsylvania,"Slovakia (Slovak Republic)",747-472-189,528-100-684,"Hackett PLC",stehr.com,"Social Scientists",teal,1984-07-15,greenfelder.antonina@bashirian.com,tMQ@Y`4.Y;|q.>Ic|'
65b47a51-67f7-351c-8270-fc64219b3455,Dr.,Marlin,Effertz,"75 Hegmann Oval","Swift Garden",Tagbilaran,Massachusetts,Switzerland,552-506-770,643-811-159,Olson-Halvorson,borer.com,"Telephone Station Installer and Repairer",white,1996-07-24,shane.ohara@walsh.net,[l<0?1MdsU1o#dX_]w
e5c53f93-444d-32fc-95a6-08b0fdae26ff,Dr.,Kareem,Bailey,"12/42 Lowe Islands Suite 083","Nikolaus Burgs",Marawi,Colorado,Lithuania,548-977-043,776-510-579,Hayes-Bartoletti,block.com,"Electrolytic Plating Machine Operator",lime,1981-12-03,hattie66@murphy.org,"Y^pG^`NEj[L\2QV=fLP"
816d345e-de08-38eb-b50a-d6936bda7251,Mr.,Russel,Stracke,"94 Torphy Common","Brakus Keys",Pasig,Florida,Liberia,212-971-430,781-373-589,Paucek-Kshlerin,huels.biz,"Biological Science Teacher",gray,1970-04-03,glenda.prosacco@yahoo.com,~Vq`m~u6b`CV
7503e34a-a364-33c8-bdb1-b5e1ea010406,Miss,Ollie,Yost,"64 Schroeder Loaf Suite 559","Senger Key","Cavite City",Delaware,Serbia,273-132-119,743-707-360,"Torphy Group",connelly.net,"Kindergarten Teacher",blue,1978-06-15,fernando.kub@bartell.com,"a8l;XZl,8"
db210403-61bf-3806-8a1f-141ca44c24bb,Dr.,Ardella,Dare,"71A/69 Walker Hills Suite 751","Kuphal Locks",Dagupan,Washington,Nicaragua,664-523-866,378-707-169,"Effertz, Walter and Stanton",eichmann.biz,"Production Manager",aqua,2007-11-26,dave27@hagenes.com,=|4r#p6:A?qx
b148afc4-5309-36ce-a5c9-e23b92efe30a,Dr.,Maximilian,Marquardt,"36A/09 Collins Underpass","Marks Avenue","Davao City",Mississippi,Mozambique,431-169-313,359-064-707,"Kirlin Inc",eichmann.com,"Forming Machine Operator",teal,1988-12-23,richard53@bogisich.com,"dH{""?xQPGYyC$:"
b357cbd1-88f2-3455-bf0b-0bf472f211fe,Mrs.,Cruz,Nader,"11 Huels Radial Apt. 153","Nitzsche Fords",Parañaque,Ohio,Bahrain,216-767-026,815-941-500,"Blick LLC",bode.net,"Criminal Investigator",maroon,1975-09-14,layne15@pagac.org,"\9::vi[E""Y/#K(R=1dx5"
44482c59-bd4e-3e08-9154-8560035b4945,Mrs.,Keira,Blanda,"48 Jenkins Track Suite 472","Crooks Forest","San Fernando","North Dakota",India,363-770-254,506-253-448,"Schmidt Ltd",zboncak.net,Prosthodontist,black,2014-11-12,pparisian@champlin.com,b|xq>@P45wX}
8cb98838-0d8c-37c6-a518-887b6f292ba5,Ms.,Genoveva,Boehm,"75A/01 Marks Manors","Haag Unions",Gingoog,Georgia,"Puerto Rico",044-586-431,585-822-684,"Marvin Group",gusikowski.com,"HVAC Mechanic",teal,2022-07-30,marion.schowalter@bechtelar.com,=x_z/f#4WLr|ya
87431fec-10b6-3760-9577-7cffae101f9e,Dr.,Jordon,Reichert,"57A Koch Loaf","Hessel Fields",Tagbilaran,Colorado,"Saint Barthelemy",629-836-768,526-584-424,"Runolfsdottir PLC",treutel.com,City,blue,2023-04-20,hyatt.dejon@hayes.com,U#s.bL'Tug[Q
be95e906-2b64-38cc-b930-61a22ae7c4af,Dr.,Keon,Pfannerstill,"16A/41 Wisoky Ways Suite 202","Medhurst Springs","Sorsogon City","New York",Chad,090-745-659,947-976-738,"Wiza and Sons",padberg.com,"Photographic Developer",olive,1981-03-07,sauer@hotmail.com,a_qwP{
2eb3a37a-8fb1-30e5-bf9e-d0e9f0d8e421,Dr.,Fermin,Beahan,"68/60 Strosin Lock","Rutherford Causeway",Gapan,Wisconsin,"Saudi Arabia",663-912-848,610-411-888,Carroll-Wyman,jakubowski.info,"Food Preparation Worker",purple,2004-09-18,delphine.fay@tillman.net,"~x}_py;Eo,CD:$#:&"
95fce177-7b48-3ac5-9f87-e3964621aeed,Dr.,Hubert,Windler,"34 Ferry Forest Apt. 304","O'Reilly Camp","San Fernando",Texas,"Wallis and Futuna",651-911-820,846-177-683,"Stokes Ltd",reynolds.info,"Respiratory Therapy Technician",blue,1977-11-10,mlubowitz@willms.net,I7K&mx-[@
3844d74e-9c0b-356a-b00d-cf4858c4687f,Prof.,Neoma,Turner,"20A Weber Bridge","Jakubowski Wall","Davao City",Michigan,"Bouvet Island (Bouvetoya)",414-039-166,662-051-933,"Hane, Leffler and Armstrong",barrows.com,"Electronics Engineer",green,2001-08-06,tommie80@hotmail.com,zv4]xIY=T
46c3f0fc-ab38-3f96-9083-2cdf0b62b3b5,Prof.,Robbie,Lang,"41A/95 Casper Row Suite 972","Ullrich Bridge",Olongapo,Maryland,Swaziland,682-794-238,655-808-719,"Williamson, Macejkovic and Hills",lockman.com,"Vice President Of Human Resources",aqua,1979-01-19,stephen91@russel.com,66SXg$U)
0f70eb70-2bdc-3b8f-b0e4-34c4621414fe,Mr.,Oswald,Fritsch,"18/12 Hegmann Mountain Suite 476","Haag Run",Calbayog,Virginia,Armenia,337-972-049,528-532-204,Baumbach-Rohan,wisoky.biz,"Air Crew Member",olive,2002-08-07,leann00@kuphal.info,"@yg!W,/btnlE"
61d0bf2f-a2f8-3007-998b-a39de4cd7daf,Miss,Kenton,Thompson,"90A Simonis Village","Bashirian Rapid",Navotas,Colorado,Denmark,604-209-843,644-237-469,"Wisozk, Wehner and Langworth",gleason.net,"Movie Director oR Theatre Director",gray,2006-04-25,kaelyn.shanahan@treutel.biz,&[3~h|X^?@#tUWBX3)
d4b6e334-b027-30e8-beda-5e16eb3d3325,Mr.,Keenan,Simonis,"62/70 Osinski Mews","Hirthe Rue",Meycauayan,Montana,Greece,312-769-583,271-162-951,"McKenzie, Howell and Wisozk",farrell.com,"Dental Laboratory Technician",silver,2013-08-06,jeremy.christiansen@yahoo.com,!}<mj#lZ4za8K[Q4
439dfa47-3617-3439-8849-e307953648b8,Mr.,Jerrold,Strosin,"40A Breitenberg Plaza Suite 986","White Islands",Butuan,Colorado,Belarus,520-632-937,675-614-127,Jakubowski-Altenwerth,baumbach.com,"Textile Worker",navy,1977-10-22,ortiz.roxanne@yahoo.com,:BbZ{LpR`FB%#
46efcba6-5c16-3e91-b3b9-105452b2247f,Prof.,Malika,Kris,"77/36 Stokes Circles","Swaniawski Overpass",Guihulngan,Tennessee,Mexico,025-549-990,713-150-376,"Hills, Jacobs and Blanda",herzog.com,Archeologist,teal,2016-02-24,lind.linda@price.com,vALzQc)8t/c
cd1530b4-a5f2-39f5-8858-6f0d7b46e03e,Dr.,Samir,Turner,"44 Dare Junction","Maggio Viaduct",Danao,Ohio,"United States Virgin Islands",949-726-989,331-235-547,Hilpert-Denesik,yundt.com,"Roof Bolters Mining",black,1978-07-15,ofunk@hotmail.com,5izzr<!
eaa0b762-97fc-3a39-b5d2-66f08363d752,Mrs.,Madonna,Conn,"22A/41 Schaefer Park Suite 466","Marquardt Inlet",Batac,"New Jersey",Norway,385-063-951,511-058-366,McClure-Goldner,lang.com,"Building Inspector",aqua,2002-03-21,maximo.waters@wehner.net,67g!LX
6763d40a-799a-3d38-9776-33047298bc33,Prof.,Henry,Schulist,"57A Medhurst Light","Kessler Forks","Cavite City","New York",Jersey,348-339-733,117-561-725,"Dach Ltd",tromp.com,"Insulation Worker",fuchsia,2019-09-10,rogers.herman@yahoo.com,"X,y9,jun~+L#fAPn~/*"
78933370-e2ee-332e-9657-487fdcbf394b,Mr.,Noel,Reynolds,"77A/81 Mosciski Drives Apt. 824","Hirthe Dam",Imus,"North Dakota",Nepal,656-517-193,472-951-872,"Schamberger, Brakus and Zulauf",hirthe.com,"Social Scientists",white,1999-10-31,lauryn85@gmail.com,"^F+QP""EQj"
1609894c-4269-364f-841f-f1dbca191b0f,Dr.,Dimitri,O'Keefe,"75/12 Bergstrom Drive","Boehm Land",Tayabas,Massachusetts,Greenland,725-004-583,954-225-884,"Wilkinson Inc",hermann.com,"Gaming Dealer",purple,2001-05-18,feeney.kristofer@yahoo.com,"yM/ANW/SxJdDUJ2I*,1"
2394e12c-8f87-3c52-9b1b-00a2b5e38ddb,Mr.,Alana,Rohan,"37 Wilderman Extension","Mertz Shore",Antipolo,Mississippi,Azerbaijan,501-707-551,340-382-614,"DuBuque, Barrows and Conroy",simonis.com,"System Administrator",white,2001-02-11,abel84@connelly.com,ipOb9Q_
67ce6a4a-e684-3340-abed-8fb4832d6c62,Prof.,Marilyne,Batz,"49 Lang View Apt. 711","Ernser Course",Calamba,California,Suriname,014-511-697,349-030-267,"Prohaska, Wilkinson and Gaylord",haag.net,"Keyboard Instrument Repairer and Tuner",navy,2010-02-24,erik.stracke@lowe.com,2l9WN{v'JB
2e4719f7-7c04-3833-a6dc-e98b1230e0f6,Ms.,Humberto,Davis,"32A/87 Kovacek Springs Suite 550","Koch Manors",Tuguegarao,Iowa,Sudan,474-331-850,172-279-640,Jast-Barton,labadie.com,"Appliance Repairer",yellow,2000-11-06,lois.gaylord@yahoo.com,qsg[t]?<Kz^s
46451574-b5f2-33fd-97d9-d3ed3aac2795,Ms.,Johanna,McDermott,"60A Thiel Isle","Kemmer Springs","Davao City",Illinois,Afghanistan,693-066-551,043-621-835,"Streich, Green and Ullrich",mccullough.com,"Surveying and Mapping Technician",silver,2006-12-18,ella02@swaniawski.org,"Mk@Omi>J[,<AZ<*c"
d2e8960c-77ce-32e0-827a-860069b4a9bd,Miss,Vella,Kling,"61A/45 Lemke Centers","Rice Spring",Lamitan,"West Virginia",Bahamas,485-651-112,119-009-454,"Wuckert PLC",waelchi.com,"Public Health Social Worker",black,1998-02-02,alek.predovic@gmail.com,7uW42{AIQ4_g}NJJ
e16a9600-0808-328f-b1cb-401b46a2b2ec,Mr.,Adrien,Von,"67/24 Feest Port","Mertz Stravenue",Bais,"North Carolina",Comoros,858-446-591,970-825-042,"Kuhlman, Kuhn and Larson",torphy.com,"Private Sector Executive",white,1988-05-05,mdooley@oconnell.org,"""l4L@NX"
6a970332-9955-3986-9716-9b204be269ad,Prof.,Andreane,Stracke,"09A Lehner Mission","Bins Bypass",Dipolog,Mississippi,"Faroe Islands",162-945-413,505-987-530,"Gutkowski, Stokes and Parker",gusikowski.com,"Automotive Specialty Technician",aqua,1985-02-09,cecelia57@hotmail.com,H.MXKVdGWa&N;s7fTk$<
a5181f59-5cf8-3525-aedb-7edc4aee3d45,Ms.,Kailey,Hodkiewicz,"71A Lehner Lake Suite 146","Smith Courts",Tuguegarao,Minnesota,"New Caledonia",284-866-094,134-147-162,"Frami PLC",schroeder.com,"Library Assistant",teal,1993-10-02,kroob@paucek.info,"+r8(LAD*"";KI@/<8kk"
875eb87c-5d29-3a98-9db8-368c05dddd8b,Mr.,Maurice,Yundt,"91/66 Kozey Rapid","Kautzer Inlet",Mandaluyong,Arizona,Myanmar,145-778-631,366-742-544,"DuBuque, Hodkiewicz and Kihn",rogahn.com,"Art Teacher",maroon,1970-09-11,buckridge.constance@gmail.com,"W9U#7}C}<>'Qy]].Qax\"
47223f88-5fc0-3919-87ed-6220379b28ce,Mr.,Raquel,Keebler,"69/35 Jones Courts Suite 893","Effertz Place",Butuan,"North Dakota",Gambia,496-241-549,121-709-963,Cummings-Leuschke,rau.com,"Proofreaders and Copy Marker",blue,1990-03-05,erick.boehm@howell.com,"[{9Yg=\6\07huT"
dd66b73e-0b5c-3fc0-b8cc-5285d444cb87,Miss,Matilde,Wisozk,"84/66 Auer Ramp","Kihn Highway",Samal,Ohio,Egypt,179-160-416,581-685-978,"Hickle, Bednar and Kreiger",dooley.com,"HR Manager",gray,1982-11-17,bethel.lueilwitz@heathcote.com,"^cWZB2y""L|m)#K*"
4b640af1-4f37-380d-bbd7-85391279167e,Miss,Pablo,Ullrich,"29A/35 Nicolas Pine Suite 610","Beier Roads",Calapan,"South Dakota",Sudan,770-737-185,321-645-041,"Deckow, Rutherford and Langosh",rutherford.org,"Mold Maker",purple,1976-05-24,okon.noemi@gmail.com,y/A+st5ra'e
24003dc6-76ee-3687-b44f-b3db39c1261c,Dr.,Mckenna,Frami,"33A Hermiston View","Larson Fields",Naga,Arizona,Japan,997-776-449,168-816-685,"Bradtke Inc",rempel.biz,"Computer Systems Analyst",silver,2023-07-27,kendall.fahey@hayes.com,4ye9uuCq
4fac58a2-c8b3-3ee5-9736-4a4cd6ba9161,Ms.,Antoinette,Jacobson,"76/46 DuBuque Extension Apt. 425","Schultz Lodge",Tacurong,Florida,Macedonia,492-282-363,473-437-918,Schaden-Boyle,gutkowski.com,Infantry,fuchsia,2010-05-07,kiarra.luettgen@abbott.com,"3)'Rbnpt\VO*}65{L"
b1b646ab-5807-3494-b5c0-a6e400ff827a,Dr.,Lexi,Murazik,"19 Schiller Lodge Apt. 406","Reilly Circles",Ormoc,Texas,Algeria,080-770-794,365-743-330,"Schneider Ltd",reilly.com,"Protective Service Worker",fuchsia,1993-12-21,nreilly@hotmail.com,"/SFX[2/,s{=L*p(Z2"
d9c3aa79-e1bb-33b3-86f1-b0b4e337952e,Dr.,Hosea,Schmitt,"93 Heathcote Lights Suite 866","Daugherty Trail",Angeles,"New Hampshire","Saint Barthelemy",268-008-909,871-182-147,Reilly-Brown,zulauf.net,"Industrial Engineering Technician",yellow,1973-09-08,opurdy@hotmail.com,EmoIKg9mb3&d_
fb756ea1-14f0-3c7e-bf85-8489801328f9,Prof.,Janick,Blanda,"19A/65 West Causeway Suite 116","McLaughlin Dam",Tacloban,"South Carolina",Israel,234-474-015,994-559-624,"Stamm LLC",leuschke.com,Interviewer,black,2016-09-26,chad52@yahoo.com,UDnt::k~]`zX~Nk@j)
e949d166-9940-398c-a924-5c5252d0f6b2,Ms.,Susana,Ankunding,"35A/81 Crooks Greens","Wolf Trace",Bais,"West Virginia","French Guiana",712-301-345,565-144-329,Welch-Nicolas,harber.com,"Textile Dyeing Machine Operator",maroon,1970-08-12,bfadel@hotmail.com,"u[,uc2BBxeYJhQb."
f6b65369-b1a9-34c3-804c-6e3b089147e2,Ms.,Tyrell,Krajcik,"95 Kuvalis Highway Suite 747","Upton Loaf","Tarlac City",Colorado,"El Salvador",333-625-058,254-714-064,"Jast, Goodwin and Hodkiewicz",larkin.net,"Mapping Technician",maroon,1989-04-28,tgorczany@powlowski.com,R9x+wn4i
b05e87bf-d6ab-3670-9dcc-693bd3eb05b8,Mrs.,Issac,Dietrich,"18 Hettinger Rue","Stracke Lakes",Bacolod,Wisconsin,"Antigua and Barbuda",930-221-098,877-248-171,"McClure, Kuhn and Kub",rosenbaum.com,"Licensing Examiner and Inspector",lime,2014-05-11,amie.adams@gmail.com,~`C8L.8<y6m<
207cc18b-4595-39b5-82ac-faa9d87cda56,Mrs.,Rosendo,Cruickshank,"24 Steuber Lake Suite 278","Keebler Rapid",Kidapawan,Louisiana,"Sao Tome and Principe",195-664-055,396-440-017,"Borer, Leannon and Haley",wilkinson.net,"Stone Sawyer",black,2024-02-10,laisha65@breitenberg.com,"K0\yMeFjZI{c@eUKY9WY"
db1faa2d-83b7-36cd-a1b9-e9d445442606,Mr.,Janessa,Brown,"46 Williamson Loaf Suite 939","Reynolds Shoal",Olongapo,"New Mexico",Cambodia,163-618-900,961-747-104,"Kutch, Tremblay and Adams",fadel.com,"Spraying Machine Operator",aqua,2015-09-25,gino.larson@gmail.com,Bl-GBJmOo(HZ|UET
807946f7-6cc9-32d2-b657-01e2066cb642,Prof.,Amani,Jones,"55/85 Mueller Summit","Stracke Walk","San Pedro",Wyoming,Slovenia,255-429-527,795-825-655,Carter-Wisozk,wiegand.info,Engineer,yellow,1986-05-21,tessie.mohr@ernser.net,"Sa""6;UHR'mj?0SYV%+gP"
0a78151a-595a-3af3-a38b-cb3d1fcc8020,Mrs.,Arvid,Sipes,"13 Sporer Turnpike","Daniel Cove",Maasin,Montana,Haiti,755-256-184,848-920-258,"Treutel, Weber and Frami",balistreri.info,Painter,olive,2006-03-29,bartell.anabelle@yahoo.com,L$5TjE-W(4'
e73c8467-398e-3a37-89c9-bc1c5b47a238,Miss,Kristopher,Wintheiser,"37A Johnson Grove","West Mountain",Danao,Connecticut,Spain,969-703-415,540-997-481,Heller-Barrows,reilly.com,"Municipal Clerk",aqua,1984-01-25,toy.modesta@yahoo.com,YdwGg>@3NCD[{(&g=?&@
543b017f-fd58-3f87-a247-962c53b14d70,Miss,Maribel,Hagenes,"77A/16 Luettgen Islands Apt. 966","Weimann Path",Calamba,Iowa,"French Guiana",806-715-106,309-234-707,Gleichner-Kris,leffler.com,Woodworker,maroon,2005-04-30,pagac.rolando@hermann.org,v~E8)(
